wilayah,persentase_miskin,ipm,tpt,pdrb_per_kapita_ribu,rata_lama_sekolah,sanitasi_layak,jumlah_penduduk_ribu,laju_pertumbuhan_penduduk,persentase_penduduk,kepadatan_penduduk,rasio_jenis_kelamin
Bangkalan,19.35,66.82,6.18,25408,6.57,50.3,1091.8,1.07,2.63,839,97.6
Banyuwangi,7.34,73.79,4.75,58086,8.17,82.63,1743.9,0.76,4.2,485,100.1
Blitar,8.69,72.84,4.91,35812,8.04,82.5,1253.6,0.88,3.02,718,101.2
Bojonegoro,12.18,71.8,4.63,74242,7.88,92.63,1319.6,0.5,3.18,571,100.7
Bondowoso,13.34,70.56,4.1499999999999995,31432,6.95,57.41,788.2,0.56,1.9,507,97.2
Gresik,10.96,78.44000000000001,6.819999999999999,130527,10.3,95,1350.4,1.08,3.25,1075,101.4
Jember,9.51,70.42,4.01,36837,6.970000000000001,64.47,2586.8,0.71,6.23,781,99.3
Jombang,9.15,75.16,4.659999999999999,36991,9.06,94.06,1351.3,0.91,3.25,1218,101.6
Kediri,10.719999999999999,74.67999999999999,5.79,30193,8.62,92.13,1677.2,0.92,4.04,1101,101.9
Kota Batu,3.3099999999999996,79.07,4.52,93214,10.11,95.06,220.2,3.38,0.53,1134,101.3
Kota Blitar,7.3,80.78,5.24,55523,10.8,96.22,153.4,2.86,0.37,4619,98.6
Kota Kediri,7.1499999999999995,80.97,4.06,541068,10.99,96.41000000000001,295.2,2.94,0.71,4391,100.5
Kota Madiun,4.74,83.71000000000001,5.85,86285,11.629999999999999,98.17999999999999,200,2.4499999999999997,0.48000000000000004,5536,95.9
Kota Malang,4.26,84,6.8,107542,11.18,86.36,865.3,2.55,2.08,7790,98.9
Kota Mojokerto,5.7700000000000005,80.9,4.73,59061,11.219999999999999,96.48,136.1,2.8,0.32999999999999996,6732,98.3
Kota Pasuruan,6.6,78.3,5.64,48058,9.93,91.73,216.4,4.04,0.52,5549,100.1
Kota Probolinggo,6.48,76.93,4.53,57885,9.8,88.27,247,3.08,0.59,4517,98.5
Kota Surabaya,4.6499999999999995,83.99000000000001,6.76,245685,10.81,97.81,2911.4,1.29,7.01,8667,98.1
Lamongan,12.42,75.29,5.46,35726,8.67,95,1369.5,0.6799999999999999,3.3,781,100.1
Lumajang,8.93,69.36999999999999,3.67,35178,7.57,77.48,1139.1,0.64,2.74,634,97.8
Madiun,11.04,74.02,5.14,31588,8.2,91.99000000000001,754.5,0.49,1.82,678,98
Magetan,9.8,76.3,4.159999999999999,33627,8.8,92.9,681.7,0.59,1.6400000000000001,965,96.8
Malang,9.450000000000001,73,5.7,47272,8.2,84.03,2715.6,0.8300000000000001,6.54,782,101.2
Mojokerto,9.8,76.23,4.67,91112,9.4,89.38,1145.5,0.8500000000000001,2.7600000000000002,1163,101.1
Nganjuk,10.89,74.7,4.68,29917,8.58,87.83,1124.7,0.6799999999999999,2.71,872,101.1
Ngawi,14.4,73.28,2.4099999999999997,27619,8.2,85.42,880.7,0.44,2.12,631,98.3
Pacitan,13.65,70.94000000000001,1.83,33149,8.19,77.45,588,0.12000000000000001,1.42,410,100.8
Pamekasan,13.850000000000001,70.32,1.74,23842,7.930000000000001,71.1,875.8,1.09,2.11,1101,96.7
Pasuruan,9.239999999999998,71.91000000000001,5.48,113683,7.84,86.7,1644.5,0.8600000000000001,3.96,1101,100.1
Ponorogo,9.53,73.17999999999999,4.659999999999999,26314,8,89.79,959.5,0.39,2.3099999999999996,676,99.4
Probolinggo,17.19,70.36,3.24,36006,6.9,66.11999999999999,1176.9,0.77,2.8299999999999996,682,97.5
Sampang,21.759999999999998,66.19,2.72,23978,5.96,82.86,1004.5,1.29,2.42,818,98.9
Sidoarjo,5,81.88,8.05,127382,10.850000000000001,94.72,2148.7,1.1400000000000001,5.17,2968,101.1
Situbondo,11.9,70.64999999999999,3.27,36190,7.44,59.37,697,0.58,1.6800000000000002,421,96.6
Sumenep,18.7,69.13,1.71,37474,6.34,70.26,1146.6,0.71,2.7600000000000002,550,94
Trenggalek,10.629999999999999,71.96000000000001,4.52,30681,8.03,81.28,741.2,0.5,1.78,593,100.6
Tuban,14.91,71.4,4.4,67176,7.87,85.13,1218.6,0.62,2.9299999999999997,617,99.7
Tulungagung,6.53,74.64999999999999,5.6499999999999995,43297,8.92,87.85,1107.8,0.6,2.67,968,100.1
