wilayah,persentase_miskin,ipm,tpt,pdrb_per_kapita_juta,rata_lama_sekolah,sanitasi_layak,kepadatan_penduduk
Bangkalan,19.35,66.82,6.18,25.408,6.57,50.3,839
Banyuwangi,7.34,73.79,4.75,58.086,8.17,82.63,485
Blitar,8.69,72.84,4.91,35.812,8.04,82.5,718
Bojonegoro,12.18,71.8,4.63,74.242,7.88,92.63,571
Bondowoso,13.34,70.56,4.1499999999999995,31.432,6.95,57.41,507
Gresik,10.96,78.44000000000001,6.819999999999999,130.527,10.3,95,1075
Jember,9.51,70.42,4.01,36.837,6.970000000000001,64.47,781
Jombang,9.15,75.16,4.659999999999999,36.991,9.06,94.06,1218
Kediri,10.72,74.67999999999999,5.79,30.193,8.62,92.13,1101
Kota Batu,3.3099999999999996,79.07,4.52,93.214,10.11,95.06,1134
Kota Blitar,7.3,80.78,5.24,55.523,10.8,96.22,4619
Kota Kediri,7.1499999999999995,80.97,4.06,541.068,10.99,96.41,4391
Kota Madiun,4.74,83.71000000000001,5.85,86.285,11.63,98.18,5536
Kota Malang,4.26,84,6.8,107.542,11.18,86.36,7790
Kota Mojokerto,5.7700000000000005,80.9,4.73,59.061,11.22,96.48,6732
Kota Pasuruan,6.6,78.3,5.64,48.058,9.93,91.73,5549
Kota Probolinggo,6.48,76.93,4.53,57.885,9.8,88.27,4517
Kota Surabaya,4.6499999999999995,83.99000000000001,6.76,245.685,10.81,97.81,8667
Lamongan,12.42,75.29,5.46,35.726,8.67,95,781
Lumajang,8.93,69.36999999999999,3.67,35.178,7.57,77.48,634
Madiun,11.04,74.02,5.14,31.588,8.2,91.99,678
Magetan,9.8,76.3,4.159999999999999,33.627,8.8,92.9,965
Malang,9.45,73,5.7,47.272,8.2,84.03,782
Mojokerto,9.8,76.23,4.67,91.112,9.4,89.38,1163
Nganjuk,10.89,74.7,4.68,29.917,8.58,87.83,872
Ngawi,14.4,73.28,2.4099999999999997,27.619,8.2,85.42,631
Pacitan,13.65,70.94000000000001,1.83,33.149,8.19,77.45,410
Pamekasan,13.85,70.32,1.74,23.842,7.930000000000001,71.1,1101
Pasuruan,9.239999999999998,71.91000000000001,5.48,113.683,7.84,86.7,1101
Ponorogo,9.53,73.17999999999999,4.659999999999999,26.314,8,89.79,676
Probolinggo,17.19,70.36,3.24,36.006,6.9,66.11999999999999,682
Sampang,21.76,66.19,2.72,23.978,5.96,82.86,818
Sidoarjo,5,81.88,8.05,127.382,10.85,94.72,2968
Situbondo,11.9,70.64999999999999,3.27,36.19,7.44,59.37,421
Sumenep,18.7,69.13,1.71,37.474,6.34,70.26,550
Trenggalek,10.63,71.96000000000001,4.52,30.681,8.03,81.28,593
Tuban,14.91,71.4,4.4,67.176,7.87,85.13,617
Tulungagung,6.53,74.64999999999999,5.6499999999999995,43.297,8.92,87.85,968
