variable_1,variable_2,correlation
persentase_miskin,persentase_miskin,1
ipm,persentase_miskin,-0.8126744571841403
tpt,persentase_miskin,-0.5644719127383632
pdrb_per_kapita_ribu,persentase_miskin,-0.3434974077900253
rata_lama_sekolah,persentase_miskin,-0.8111386029431116
sanitasi_layak,persentase_miskin,-0.599678161175745
jumlah_penduduk_ribu,persentase_miskin,0.036834008929329365
laju_pertumbuhan_penduduk,persentase_miskin,-0.5197556508815526
persentase_penduduk,persentase_miskin,0.03707718996759807
kepadatan_penduduk,persentase_miskin,-0.5919791070197126
rasio_jenis_kelamin,persentase_miskin,-0.3049464792118366
persentase_miskin,ipm,-0.8126744571841403
ipm,ipm,1
tpt,ipm,0.6060379922661498
pdrb_per_kapita_ribu,ipm,0.499339826189988
rata_lama_sekolah,ipm,0.9726282270291318
sanitasi_layak,ipm,0.7263273613830481
jumlah_penduduk_ribu,ipm,-0.13386568532516357
laju_pertumbuhan_penduduk,ipm,0.6239877557152643
persentase_penduduk,ipm,-0.13419927788723077
kepadatan_penduduk,ipm,0.8007944216902052
rasio_jenis_kelamin,ipm,0.16491938430184794
persentase_miskin,tpt,-0.5644719127383632
ipm,tpt,0.6060379922661498
tpt,tpt,1
pdrb_per_kapita_ribu,tpt,0.21372650689119882
rata_lama_sekolah,tpt,0.5669399926274084
sanitasi_layak,tpt,0.42960993329709163
jumlah_penduduk_ribu,tpt,0.3036292446638608
laju_pertumbuhan_penduduk,tpt,0.254430863597241
persentase_penduduk,tpt,0.30335518910181164
kepadatan_penduduk,tpt,0.43933698267486077
rasio_jenis_kelamin,tpt,0.39593891112080115
persentase_miskin,pdrb_per_kapita_ribu,-0.3434974077900253
ipm,pdrb_per_kapita_ribu,0.499339826189988
tpt,pdrb_per_kapita_ribu,0.21372650689119882
pdrb_per_kapita_ribu,pdrb_per_kapita_ribu,1
rata_lama_sekolah,pdrb_per_kapita_ribu,0.4977546531216587
sanitasi_layak,pdrb_per_kapita_ribu,0.34634825605355507
jumlah_penduduk_ribu,pdrb_per_kapita_ribu,0.009545108487607349
laju_pertumbuhan_penduduk,pdrb_per_kapita_ribu,0.36604669914207777
persentase_penduduk,pdrb_per_kapita_ribu,0.009337742763501378
kepadatan_penduduk,pdrb_per_kapita_ribu,0.4433152526743961
rasio_jenis_kelamin,pdrb_per_kapita_ribu,0.15966612318197862
persentase_miskin,rata_lama_sekolah,-0.8111386029431116
ipm,rata_lama_sekolah,0.9726282270291318
tpt,rata_lama_sekolah,0.5669399926274084
pdrb_per_kapita_ribu,rata_lama_sekolah,0.4977546531216587
rata_lama_sekolah,rata_lama_sekolah,1
sanitasi_layak,rata_lama_sekolah,0.7349573345619553
jumlah_penduduk_ribu,rata_lama_sekolah,-0.23053506430507226
laju_pertumbuhan_penduduk,rata_lama_sekolah,0.6622994905200174
persentase_penduduk,rata_lama_sekolah,-0.23084805064988734
kepadatan_penduduk,rata_lama_sekolah,0.774972879305284
rasio_jenis_kelamin,rata_lama_sekolah,0.22288849361170834
persentase_miskin,sanitasi_layak,-0.599678161175745
ipm,sanitasi_layak,0.7263273613830481
tpt,sanitasi_layak,0.42960993329709163
pdrb_per_kapita_ribu,sanitasi_layak,0.34634825605355507
rata_lama_sekolah,sanitasi_layak,0.7349573345619553
sanitasi_layak,sanitasi_layak,1
jumlah_penduduk_ribu,sanitasi_layak,-0.09112705061677799
laju_pertumbuhan_penduduk,sanitasi_layak,0.3803121753270378
persentase_penduduk,sanitasi_layak,-0.09130298462604268
kepadatan_penduduk,sanitasi_layak,0.43619733783934567
rasio_jenis_kelamin,sanitasi_layak,0.43281499430294684
persentase_miskin,jumlah_penduduk_ribu,0.036834008929329365
ipm,jumlah_penduduk_ribu,-0.13386568532516357
tpt,jumlah_penduduk_ribu,0.3036292446638608
pdrb_per_kapita_ribu,jumlah_penduduk_ribu,0.009545108487607349
rata_lama_sekolah,jumlah_penduduk_ribu,-0.23053506430507226
sanitasi_layak,jumlah_penduduk_ribu,-0.09112705061677799
jumlah_penduduk_ribu,jumlah_penduduk_ribu,1
laju_pertumbuhan_penduduk,jumlah_penduduk_ribu,-0.4967588111414349
persentase_penduduk,jumlah_penduduk_ribu,0.9999989247641351
kepadatan_penduduk,jumlah_penduduk_ribu,-0.14571692146494283
rasio_jenis_kelamin,jumlah_penduduk_ribu,0.2508215275449518
persentase_miskin,laju_pertumbuhan_penduduk,-0.5197556508815526
ipm,laju_pertumbuhan_penduduk,0.6239877557152643
tpt,laju_pertumbuhan_penduduk,0.254430863597241
pdrb_per_kapita_ribu,laju_pertumbuhan_penduduk,0.36604669914207777
rata_lama_sekolah,laju_pertumbuhan_penduduk,0.6622994905200174
sanitasi_layak,laju_pertumbuhan_penduduk,0.3803121753270378
jumlah_penduduk_ribu,laju_pertumbuhan_penduduk,-0.4967588111414349
laju_pertumbuhan_penduduk,laju_pertumbuhan_penduduk,1
persentase_penduduk,laju_pertumbuhan_penduduk,-0.49707555115790103
kepadatan_penduduk,laju_pertumbuhan_penduduk,0.7162401822625155
rasio_jenis_kelamin,laju_pertumbuhan_penduduk,0.0081383055969506
persentase_miskin,persentase_penduduk,0.03707718996759807
ipm,persentase_penduduk,-0.13419927788723077
tpt,persentase_penduduk,0.30335518910181164
pdrb_per_kapita_ribu,persentase_penduduk,0.009337742763501378
rata_lama_sekolah,persentase_penduduk,-0.23084805064988734
sanitasi_layak,persentase_penduduk,-0.09130298462604268
jumlah_penduduk_ribu,persentase_penduduk,0.9999989247641351
laju_pertumbuhan_penduduk,persentase_penduduk,-0.49707555115790103
persentase_penduduk,persentase_penduduk,1
kepadatan_penduduk,persentase_penduduk,-0.14605830304285294
rasio_jenis_kelamin,persentase_penduduk,0.2508963195582471
persentase_miskin,kepadatan_penduduk,-0.5919791070197126
ipm,kepadatan_penduduk,0.8007944216902052
tpt,kepadatan_penduduk,0.43933698267486077
pdrb_per_kapita_ribu,kepadatan_penduduk,0.4433152526743961
rata_lama_sekolah,kepadatan_penduduk,0.774972879305284
sanitasi_layak,kepadatan_penduduk,0.43619733783934567
jumlah_penduduk_ribu,kepadatan_penduduk,-0.14571692146494283
laju_pertumbuhan_penduduk,kepadatan_penduduk,0.7162401822625155
persentase_penduduk,kepadatan_penduduk,-0.14605830304285294
kepadatan_penduduk,kepadatan_penduduk,1
rasio_jenis_kelamin,kepadatan_penduduk,-0.1312533191216837
persentase_miskin,rasio_jenis_kelamin,-0.3049464792118366
ipm,rasio_jenis_kelamin,0.16491938430184794
tpt,rasio_jenis_kelamin,0.39593891112080115
pdrb_per_kapita_ribu,rasio_jenis_kelamin,0.15966612318197862
rata_lama_sekolah,rasio_jenis_kelamin,0.22288849361170834
sanitasi_layak,rasio_jenis_kelamin,0.43281499430294684
jumlah_penduduk_ribu,rasio_jenis_kelamin,0.2508215275449518
laju_pertumbuhan_penduduk,rasio_jenis_kelamin,0.0081383055969506
persentase_penduduk,rasio_jenis_kelamin,0.2508963195582471
kepadatan_penduduk,rasio_jenis_kelamin,-0.1312533191216837
rasio_jenis_kelamin,rasio_jenis_kelamin,1
