model,actual,predicted,row_index,resample,residual,abs_residual
Regresi Linear,7.34,11.358547374190152,2,Fold1.Rep01,-4.0185473741901525,4.0185473741901525
Regresi Linear,8.69,11.72159346220929,3,Fold1.Rep01,-3.0315934622092904,3.0315934622092904
Regresi Linear,10.72,10.200787616462172,9,Fold1.Rep01,0.5192123835378286,0.5192123835378286
Regresi Linear,3.3099999999999996,7.0579078756557285,10,Fold1.Rep01,-3.747907875655729,3.747907875655729
Regresi Linear,4.6499999999999995,6.022922864517193,18,Fold1.Rep01,-1.3729228645171938,1.3729228645171938
Regresi Linear,10.89,10.427632457755529,25,Fold1.Rep01,0.46236754224447196,0.46236754224447196
Regresi Linear,14.4,11.90217756595432,26,Fold1.Rep01,2.4978224340456805,2.4978224340456805
Regresi Linear,13.85,13.096447610833156,28,Fold1.Rep01,0.7535523891668436,0.7535523891668436
Regresi Linear,12.18,10.905846053366355,4,Fold2.Rep01,1.2741539466336445,1.2741539466336445
Regresi Linear,9.51,14.415625370228133,7,Fold2.Rep01,-4.905625370228133,4.905625370228133
Regresi Linear,9.15,8.786445145384002,8,Fold2.Rep01,0.3635548546159981,0.3635548546159981
Regresi Linear,6.48,8.580535007700213,17,Fold2.Rep01,-2.1005350077002127,2.1005350077002127
Regresi Linear,12.42,8.598892888414776,19,Fold2.Rep01,3.821107111585224,3.821107111585224
Regresi Linear,11.04,9.707143617398636,21,Fold2.Rep01,1.3328563826013635,1.3328563826013635
Regresi Linear,21.76,15.604374924875248,32,Fold2.Rep01,6.155625075124753,6.155625075124753
Regresi Linear,5,4.265016097288975,33,Fold2.Rep01,0.7349839027110248,0.7349839027110248
Regresi Linear,4.26,3.77040580303666,14,Fold3.Rep01,0.4895941969633397,0.4895941969633397
Regresi Linear,9.45,11.374235259431359,23,Fold3.Rep01,-1.9242352594313594,1.9242352594313594
Regresi Linear,9.8,8.765584437958045,24,Fold3.Rep01,1.0344155620419553,1.0344155620419553
Regresi Linear,9.53,11.529845895243536,30,Fold3.Rep01,-1.9998458952435367,1.9998458952435367
Regresi Linear,18.7,15.025066159389764,35,Fold3.Rep01,3.674933840610235,3.674933840610235
Regresi Linear,14.91,12.771263215411844,37,Fold3.Rep01,2.138736784588156,2.138736784588156
Regresi Linear,6.53,9.898279435762202,38,Fold3.Rep01,-3.3682794357622017,3.3682794357622017
Regresi Linear,19.35,8.998774028610377,1,Fold4.Rep01,10.351225971389624,10.351225971389624
Regresi Linear,13.34,11.74226071394565,5,Fold4.Rep01,1.5977392860543507,1.5977392860543507
Regresi Linear,10.96,3.209283995149447,6,Fold4.Rep01,7.750716004850554,7.750716004850554
Regresi Linear,7.3,5.275878226938628,11,Fold4.Rep01,2.0241217730613714,2.0241217730613714
Regresi Linear,4.74,2.866341741466989,13,Fold4.Rep01,1.8736582585330113,1.8736582585330113
Regresi Linear,5.7700000000000005,5.2749888150028275,15,Fold4.Rep01,0.495011184997173,0.495011184997173
Regresi Linear,10.63,10.661544712108293,36,Fold4.Rep01,-0.03154471210829257,0.03154471210829257
Regresi Linear,7.1499999999999995,11.52188000192973,12,Fold5.Rep01,-4.371880001929731,4.371880001929731
Regresi Linear,6.6,8.296205754141294,16,Fold5.Rep01,-1.6962057541412943,1.6962057541412943
Regresi Linear,8.93,15.408731618007561,20,Fold5.Rep01,-6.478731618007561,6.478731618007561
Regresi Linear,9.8,8.248822667759514,22,Fold5.Rep01,1.5511773322404867,1.5511773322404867
Regresi Linear,13.65,13.738154216195609,27,Fold5.Rep01,-0.08815421619560837,0.08815421619560837
Regresi Linear,9.239999999999998,13.922285435583358,29,Fold5.Rep01,-4.68228543558336,4.68228543558336
Regresi Linear,17.19,13.714479578756116,31,Fold5.Rep01,3.4755204212438855,3.4755204212438855
Regresi Linear,11.9,12.981417229180142,34,Fold5.Rep01,-1.0814172291801416,1.0814172291801416
Regresi Linear,5.7700000000000005,5.028630173563612,15,Fold1.Rep02,0.7413698264363884,0.7413698264363884
Regresi Linear,9.45,11.186681320557454,23,Fold1.Rep02,-1.7366813205574552,1.7366813205574552
Regresi Linear,10.89,9.921040146985693,25,Fold1.Rep02,0.968959853014308,0.968959853014308
Regresi Linear,14.4,10.966913561076678,26,Fold1.Rep02,3.433086438923322,3.433086438923322
Regresi Linear,9.239999999999998,12.221865200360293,29,Fold1.Rep02,-2.9818652003602946,2.9818652003602946
Regresi Linear,21.76,16.061062385008892,32,Fold1.Rep02,5.6989376149911095,5.6989376149911095
Regresi Linear,5,5.113102312384883,33,Fold1.Rep02,-0.11310231238488289,0.11310231238488289
Regresi Linear,11.9,13.725059114469667,34,Fold1.Rep02,-1.825059114469667,1.825059114469667
Regresi Linear,7.3,5.5886160939827185,11,Fold2.Rep02,1.7113839060172813,1.7113839060172813
Regresi Linear,7.1499999999999995,5.275860343623342,12,Fold2.Rep02,1.8741396563766575,1.8741396563766575
Regresi Linear,6.6,8.119234976621003,16,Fold2.Rep02,-1.5192349766210036,1.5192349766210036
Regresi Linear,11.04,10.787933232356952,21,Fold2.Rep02,0.25206676764304703,0.25206676764304703
Regresi Linear,9.8,9.164027015995053,22,Fold2.Rep02,0.6359729840049475,0.6359729840049475
Regresi Linear,9.53,11.50418933940415,30,Fold2.Rep02,-1.97418933940415,1.97418933940415
Regresi Linear,17.19,13.8373478751431,31,Fold2.Rep02,3.352652124856901,3.352652124856901
Regresi Linear,14.91,12.468499038851304,37,Fold2.Rep02,2.441500961148696,2.441500961148696
Regresi Linear,10.96,3.6036876957645103,6,Fold3.Rep02,7.356312304235491,7.356312304235491
Regresi Linear,9.51,15.019268602244964,7,Fold3.Rep02,-5.509268602244964,5.509268602244964
Regresi Linear,4.6499999999999995,7.797251474625921,18,Fold3.Rep02,-3.1472514746259215,3.1472514746259215
Regresi Linear,12.42,8.895791483173298,19,Fold3.Rep02,3.524208516826702,3.524208516826702
Regresi Linear,9.8,7.49320724792336,24,Fold3.Rep02,2.3067927520766407,2.3067927520766407
Regresi Linear,13.85,13.591111785752355,28,Fold3.Rep02,0.2588882142476443,0.2588882142476443
Regresi Linear,6.53,8.261545540929399,38,Fold3.Rep02,-1.7315455409293987,1.7315455409293987
Regresi Linear,19.35,8.988721293867611,1,Fold4.Rep02,10.36127870613239,10.36127870613239
Regresi Linear,7.34,11.252650895317247,2,Fold4.Rep02,-3.912650895317247,3.912650895317247
Regresi Linear,12.18,13.104818772836072,4,Fold4.Rep02,-0.9248187728360726,0.9248187728360726
Regresi Linear,13.34,11.523355035724448,5,Fold4.Rep02,1.816644964275552,1.816644964275552
Regresi Linear,10.72,10.041408590181204,9,Fold4.Rep02,0.6785914098187966,0.6785914098187966
Regresi Linear,3.3099999999999996,8.973693783375381,10,Fold4.Rep02,-5.663693783375382,5.663693783375382
Regresi Linear,4.26,2.238809728869984,14,Fold4.Rep02,2.0211902711300156,2.0211902711300156
Regresi Linear,8.93,13.028525742781923,20,Fold4.Rep02,-4.0985257427819235,4.0985257427819235
Regresi Linear,8.69,11.524188018173588,3,Fold5.Rep02,-2.834188018173588,2.834188018173588
Regresi Linear,9.15,9.676456288422077,8,Fold5.Rep02,-0.5264562884220769,0.5264562884220769
Regresi Linear,4.74,3.3656377322308293,13,Fold5.Rep02,1.374362267769171,1.374362267769171
Regresi Linear,6.48,8.909980465219299,17,Fold5.Rep02,-2.4299804652192982,2.4299804652192982
Regresi Linear,13.65,12.812905186394692,27,Fold5.Rep02,0.837094813605308,0.837094813605308
Regresi Linear,18.7,15.267531454109134,35,Fold5.Rep02,3.432468545890865,3.432468545890865
Regresi Linear,10.63,12.105289041583351,36,Fold5.Rep02,-1.4752890415833502,1.4752890415833502
Regresi Linear,8.69,11.291280004970162,3,Fold1.Rep03,-2.601280004970162,2.601280004970162
Regresi Linear,12.18,11.69425302866621,4,Fold1.Rep03,0.4857469713337892,0.4857469713337892
Regresi Linear,4.74,3.6436115771767157,13,Fold1.Rep03,1.0963884228232845,1.0963884228232845
Regresi Linear,4.6499999999999995,5.388419805089062,18,Fold1.Rep03,-0.7384198050890625,0.7384198050890625
Regresi Linear,9.8,8.662027199339597,24,Fold1.Rep03,1.1379728006604033,1.1379728006604033
Regresi Linear,13.65,12.209730356622599,27,Fold1.Rep03,1.4402696433774018,1.4402696433774018
Regresi Linear,21.76,16.21580882755488,32,Fold1.Rep03,5.544191172445121,5.544191172445121
Regresi Linear,13.34,13.378678410751581,5,Fold2.Rep03,-0.03867841075158118,0.03867841075158118
Regresi Linear,9.15,9.455394132211854,8,Fold2.Rep03,-0.30539413221185363,0.30539413221185363
Regresi Linear,6.6,8.196939593536074,16,Fold2.Rep03,-1.5969395935360744,1.5969395935360744
Regresi Linear,10.89,9.937517068603102,25,Fold2.Rep03,0.952482931396899,0.952482931396899
Regresi Linear,14.4,11.550886021275403,26,Fold2.Rep03,2.8491139787245974,2.8491139787245974
Regresi Linear,9.53,11.531278765717794,30,Fold2.Rep03,-2.001278765717794,2.001278765717794
Regresi Linear,5,3.5957945835355276,33,Fold2.Rep03,1.4042054164644724,1.4042054164644724
Regresi Linear,10.63,11.947162386695036,36,Fold2.Rep03,-1.3171623866950348,1.3171623866950348
Regresi Linear,10.96,4.891834292863967,6,Fold3.Rep03,6.068165707136034,6.068165707136034
Regresi Linear,9.51,14.610369854260691,7,Fold3.Rep03,-5.100369854260691,5.100369854260691
Regresi Linear,5.7700000000000005,5.477291436911009,15,Fold3.Rep03,0.2927085630889916,0.2927085630889916
Regresi Linear,11.04,10.639370352834572,21,Fold3.Rep03,0.40062964716542737,0.40062964716542737
Regresi Linear,9.45,10.771978879599747,23,Fold3.Rep03,-1.3219788795997474,1.3219788795997474
Regresi Linear,18.7,17.03033610709831,35,Fold3.Rep03,1.6696638929016885,1.6696638929016885
Regresi Linear,14.91,12.342106593099903,37,Fold3.Rep03,2.5678934069000974,2.5678934069000974
Regresi Linear,6.53,8.951713862099247,38,Fold3.Rep03,-2.4217138620992467,2.4217138620992467
Regresi Linear,7.34,11.332171110465314,2,Fold4.Rep03,-3.992171110465314,3.992171110465314
Regresi Linear,3.3099999999999996,7.592484674019772,10,Fold4.Rep03,-4.282484674019773,4.282484674019773
Regresi Linear,7.1499999999999995,12.613424604001542,12,Fold4.Rep03,-5.463424604001543,5.463424604001543
Regresi Linear,9.8,9.585700829859594,22,Fold4.Rep03,0.2142991701404071,0.2142991701404071
Regresi Linear,13.85,13.533361339659324,28,Fold4.Rep03,0.31663866034067567,0.31663866034067567
Regresi Linear,9.239999999999998,13.407495126647744,29,Fold4.Rep03,-4.167495126647745,4.167495126647745
Regresi Linear,17.19,14.081424836961705,31,Fold4.Rep03,3.108575163038296,3.108575163038296
Regresi Linear,19.35,12.594295929461627,1,Fold5.Rep03,6.755704070538375,6.755704070538375
Regresi Linear,10.72,9.372586691931568,9,Fold5.Rep03,1.3474133080684325,1.3474133080684325
Regresi Linear,7.3,5.728552792888613,11,Fold5.Rep03,1.5714472071113867,1.5714472071113867
Regresi Linear,4.26,2.92079690241992,14,Fold5.Rep03,1.33920309758008,1.33920309758008
Regresi Linear,6.48,8.858672825052592,17,Fold5.Rep03,-2.3786728250525915,2.3786728250525915
Regresi Linear,12.42,9.389984854458753,19,Fold5.Rep03,3.030015145541247,3.030015145541247
Regresi Linear,8.93,13.947017015650998,20,Fold5.Rep03,-5.017017015650998,5.017017015650998
Regresi Linear,11.9,12.623466532752271,34,Fold5.Rep03,-0.7234665327522709,0.7234665327522709
Regresi Linear,12.18,11.147598060112633,4,Fold1.Rep04,1.0324019398873663,1.0324019398873663
Regresi Linear,13.34,15.481060991032647,5,Fold1.Rep04,-2.1410609910326475,2.1410609910326475
Regresi Linear,9.51,14.909091596121566,7,Fold1.Rep04,-5.399091596121567,5.399091596121567
Regresi Linear,9.15,9.111642172094923,8,Fold1.Rep04,0.03835782790507736,0.03835782790507736
Regresi Linear,7.1499999999999995,5.421214974670831,12,Fold1.Rep04,1.7287850253291683,1.7287850253291683
Regresi Linear,10.89,10.33687908929959,25,Fold1.Rep04,0.5531209107004109,0.5531209107004109
Regresi Linear,21.76,15.455963888336013,32,Fold1.Rep04,6.304036111663988,6.304036111663988
Regresi Linear,6.53,9.627786371822777,38,Fold1.Rep04,-3.097786371822777,3.097786371822777
Regresi Linear,19.35,10.444363478929915,1,Fold2.Rep04,8.905636521070086,8.905636521070086
Regresi Linear,4.74,3.761784570859953,13,Fold2.Rep04,0.9782154291400471,0.9782154291400471
Regresi Linear,4.6499999999999995,6.938210785969861,18,Fold2.Rep04,-2.288210785969862,2.288210785969862
Regresi Linear,9.45,10.240113158053079,23,Fold2.Rep04,-0.7901131580530798,0.7901131580530798
Regresi Linear,13.65,12.229544949614644,27,Fold2.Rep04,1.4204550503853568,1.4204550503853568
Regresi Linear,9.53,12.274936773416716,30,Fold2.Rep04,-2.7449367734167165,2.7449367734167165
Regresi Linear,10.63,11.179688376533612,36,Fold2.Rep04,-0.5496883765336111,0.5496883765336111
Regresi Linear,7.3,5.241224961201791,11,Fold3.Rep04,2.058775038798209,2.058775038798209
Regresi Linear,6.48,8.721951052521522,17,Fold3.Rep04,-2.2419510525215216,2.2419510525215216
Regresi Linear,9.8,8.654453921987647,22,Fold3.Rep04,1.1455460780123534,1.1455460780123534
Regresi Linear,14.4,11.357549172957114,26,Fold3.Rep04,3.0424508270428863,3.0424508270428863
Regresi Linear,5,3.367149927622145,33,Fold3.Rep04,1.6328500723778552,1.6328500723778552
Regresi Linear,11.9,13.33891077537067,34,Fold3.Rep04,-1.438910775370669,1.438910775370669
Regresi Linear,14.91,12.464297751593461,37,Fold3.Rep04,2.4457022484065387,2.4457022484065387
Regresi Linear,10.96,5.134750403750136,6,Fold4.Rep04,5.825249596249865,5.825249596249865
Regresi Linear,4.26,3.686288413343392,14,Fold4.Rep04,0.5737115866566076,0.5737115866566076
Regresi Linear,6.6,8.640439597106678,16,Fold4.Rep04,-2.040439597106678,2.040439597106678
Regresi Linear,12.42,8.905450845249593,19,Fold4.Rep04,3.514549154750407,3.514549154750407
Regresi Linear,8.93,14.98215111166254,20,Fold4.Rep04,-6.052151111662541,6.052151111662541
Regresi Linear,11.04,10.279841532426872,21,Fold4.Rep04,0.7601584675731274,0.7601584675731274
Regresi Linear,9.239999999999998,12.867105121800476,29,Fold4.Rep04,-3.6271051218004775,3.6271051218004775
Regresi Linear,18.7,16.04006599026426,35,Fold4.Rep04,2.659934009735739,2.659934009735739
Regresi Linear,7.34,11.314986918701315,2,Fold5.Rep04,-3.9749869187013154,3.9749869187013154
Regresi Linear,8.69,11.68029730954653,3,Fold5.Rep04,-2.9902973095465306,2.9902973095465306
Regresi Linear,10.72,10.205789111598216,9,Fold5.Rep04,0.5142108884017844,0.5142108884017844
Regresi Linear,3.3099999999999996,7.375291781077799,10,Fold5.Rep04,-4.065291781077799,4.065291781077799
Regresi Linear,5.7700000000000005,5.360653813245733,15,Fold5.Rep04,0.40934618675426737,0.40934618675426737
Regresi Linear,9.8,9.097616566397415,24,Fold5.Rep04,0.702383433602586,0.702383433602586
Regresi Linear,13.85,13.360850562752555,28,Fold5.Rep04,0.48914943724744475,0.48914943724744475
Regresi Linear,17.19,14.27305373096878,31,Fold5.Rep04,2.9169462690312216,2.9169462690312216
Regresi Linear,19.35,11.106628511291277,1,Fold1.Rep05,8.243371488708725,8.243371488708725
Regresi Linear,13.34,11.792169234613723,5,Fold1.Rep05,1.5478307653862764,1.5478307653862764
Regresi Linear,5.7700000000000005,5.92705625111254,15,Fold1.Rep05,-0.1570562511125395,0.1570562511125395
Regresi Linear,10.89,10.457937763999595,25,Fold1.Rep05,0.43206223600040516,0.43206223600040516
Regresi Linear,9.239999999999998,12.068255347528998,29,Fold1.Rep05,-2.8282553475289998,2.8282553475289998
Regresi Linear,10.63,11.50920633053079,36,Fold1.Rep05,-0.8792063305307884,0.8792063305307884
Regresi Linear,6.53,9.107822805604128,38,Fold1.Rep05,-2.5778228056041277,2.5778228056041277
Regresi Linear,7.34,11.126310708810998,2,Fold2.Rep05,-3.7863107088109977,3.7863107088109977
Regresi Linear,3.3099999999999996,7.020605921525446,10,Fold2.Rep05,-3.7106059215254463,3.7106059215254463
Regresi Linear,8.93,14.700425732958326,20,Fold2.Rep05,-5.770425732958326,5.770425732958326
Regresi Linear,11.04,10.910177184771381,21,Fold2.Rep05,0.12982281522861783,0.12982281522861783
Regresi Linear,9.8,9.120307264302376,24,Fold2.Rep05,0.6796927356976248,0.6796927356976248
Regresi Linear,13.65,14.123907763548766,27,Fold2.Rep05,-0.47390776354876607,0.47390776354876607
Regresi Linear,13.85,14.75093825355261,28,Fold2.Rep05,-0.90093825355261,0.90093825355261
Regresi Linear,5,3.48977135478891,33,Fold2.Rep05,1.51022864521109,1.51022864521109
Regresi Linear,9.51,14.972570591720446,7,Fold3.Rep05,-5.462570591720446,5.462570591720446
Regresi Linear,7.1499999999999995,8.669001608473526,12,Fold3.Rep05,-1.519001608473526,1.519001608473526
Regresi Linear,4.74,3.60509217945963,13,Fold3.Rep05,1.1349078205403704,1.1349078205403704
Regresi Linear,12.42,8.774415440230534,19,Fold3.Rep05,3.645584559769466,3.645584559769466
Regresi Linear,9.45,10.742170589889865,23,Fold3.Rep05,-1.2921705898898654,1.2921705898898654
Regresi Linear,21.76,15.568779591308305,32,Fold3.Rep05,6.191220408691697,6.191220408691697
Regresi Linear,11.9,15.218722394806631,34,Fold3.Rep05,-3.318722394806631,3.318722394806631
Regresi Linear,12.18,12.464698280749491,4,Fold4.Rep05,-0.28469828074949177,0.28469828074949177
Regresi Linear,10.72,9.781434995817799,9,Fold4.Rep05,0.9385650041822018,0.9385650041822018
Regresi Linear,7.3,5.540177405257238,11,Fold4.Rep05,1.7598225947427615,1.7598225947427615
Regresi Linear,6.6,8.225934709131236,16,Fold4.Rep05,-1.6259347091312364,1.6259347091312364
Regresi Linear,6.48,8.870974010720866,17,Fold4.Rep05,-2.390974010720866,2.390974010720866
Regresi Linear,14.4,11.402545262854046,26,Fold4.Rep05,2.9974547371459543,2.9974547371459543
Regresi Linear,9.53,11.361621405652107,30,Fold4.Rep05,-1.8316214056521076,1.8316214056521076
Regresi Linear,14.91,12.580798373292012,37,Fold4.Rep05,2.329201626707988,2.329201626707988
Regresi Linear,8.69,11.086650217625747,3,Fold5.Rep05,-2.396650217625748,2.396650217625748
Regresi Linear,10.96,5.2760060070090615,6,Fold5.Rep05,5.683993992990939,5.683993992990939
Regresi Linear,9.15,9.201445834858943,8,Fold5.Rep05,-0.05144583485894216,0.05144583485894216
Regresi Linear,4.26,4.207852462932235,14,Fold5.Rep05,0.05214753706776509,0.05214753706776509
Regresi Linear,4.6499999999999995,6.115699901870746,18,Fold5.Rep05,-1.4656999018707468,1.4656999018707468
Regresi Linear,9.8,8.779457366318486,22,Fold5.Rep05,1.020542633681515,1.020542633681515
Regresi Linear,17.19,13.762419488503495,31,Fold5.Rep05,3.4275805114965063,3.4275805114965063
Regresi Linear,18.7,15.732407295038382,35,Fold5.Rep05,2.9675927049616178,2.9675927049616178
Regresi Linear,8.69,10.882030354707773,3,Fold1.Rep06,-2.1920303547077733,2.1920303547077733
Regresi Linear,10.96,4.073042228752692,6,Fold1.Rep06,6.8869577712473085,6.8869577712473085
Regresi Linear,10.72,8.915312063343675,9,Fold1.Rep06,1.8046879366563253,1.8046879366563253
Regresi Linear,5.7700000000000005,6.619580522944308,15,Fold1.Rep06,-0.8495805229443079,0.8495805229443079
Regresi Linear,6.48,9.18086821286172,17,Fold1.Rep06,-2.700868212861719,2.700868212861719
Regresi Linear,12.42,8.595097023852876,19,Fold1.Rep06,3.824902976147124,3.824902976147124
Regresi Linear,9.45,10.119035803903575,23,Fold1.Rep06,-0.6690358039035758,0.6690358039035758
Regresi Linear,14.91,12.108895941983404,37,Fold1.Rep06,2.8011040580165965,2.8011040580165965
Regresi Linear,12.18,12.794442603447642,4,Fold2.Rep06,-0.6144426034476425,0.6144426034476425
Regresi Linear,13.34,13.658964336741985,5,Fold2.Rep06,-0.31896433674198477,0.31896433674198477
Regresi Linear,9.15,9.353603288490028,8,Fold2.Rep06,-0.20360328849002762,0.20360328849002762
Regresi Linear,7.3,4.9333831271966755,11,Fold2.Rep06,2.3666168728033243,2.3666168728033243
Regresi Linear,4.74,2.588226736208702,13,Fold2.Rep06,2.151773263791298,2.151773263791298
Regresi Linear,9.8,9.087838477386457,22,Fold2.Rep06,0.7121615226135436,0.7121615226135436
Regresi Linear,13.65,12.49728661138517,27,Fold2.Rep06,1.1527133886148295,1.1527133886148295
Regresi Linear,6.53,9.479884733604655,38,Fold2.Rep06,-2.9498847336046543,2.9498847336046543
Regresi Linear,7.34,10.993388586242022,2,Fold3.Rep06,-3.6533885862420217,3.6533885862420217
Regresi Linear,6.6,8.404867915918045,16,Fold3.Rep06,-1.8048679159180452,1.8048679159180452
Regresi Linear,4.6499999999999995,6.955713430729722,18,Fold3.Rep06,-2.305713430729723,2.305713430729723
Regresi Linear,14.4,11.344969612495033,26,Fold3.Rep06,3.055030387504967,3.055030387504967
Regresi Linear,13.85,12.832495394548845,28,Fold3.Rep06,1.0175046054511547,1.0175046054511547
Regresi Linear,10.63,11.866645169221403,36,Fold3.Rep06,-1.2366451692214024,1.2366451692214024
Regresi Linear,19.35,9.914897292802467,1,Fold4.Rep06,9.435102707197535,9.435102707197535
Regresi Linear,7.1499999999999995,9.95888122918933,12,Fold4.Rep06,-2.808881229189331,2.808881229189331
Regresi Linear,9.8,8.77128357791287,24,Fold4.Rep06,1.0287164220871308,1.0287164220871308
Regresi Linear,10.89,10.151785752386267,25,Fold4.Rep06,0.7382142476137332,0.7382142476137332
Regresi Linear,9.239999999999998,12.105251308341963,29,Fold4.Rep06,-2.865251308341964,2.865251308341964
Regresi Linear,9.53,11.922376057275752,30,Fold4.Rep06,-2.3923760572757526,2.3923760572757526
Regresi Linear,17.19,13.347592165776973,31,Fold4.Rep06,3.842407834223028,3.842407834223028
Regresi Linear,5,2.632059146209209,33,Fold4.Rep06,2.367940853790791,2.367940853790791
Regresi Linear,9.51,14.438291820481359,7,Fold5.Rep06,-4.928291820481359,4.928291820481359
Regresi Linear,3.3099999999999996,8.132945807447344,10,Fold5.Rep06,-4.822945807447344,4.822945807447344
Regresi Linear,4.26,4.795296927076432,14,Fold5.Rep06,-0.5352969270764323,0.5352969270764323
Regresi Linear,8.93,13.655441640260086,20,Fold5.Rep06,-4.725441640260087,4.725441640260087
Regresi Linear,11.04,10.078216407961907,21,Fold5.Rep06,0.9617835920380919,0.9617835920380919
Regresi Linear,21.76,14.506480227288256,32,Fold5.Rep06,7.253519772711746,7.253519772711746
Regresi Linear,11.9,15.168026382943653,34,Fold5.Rep06,-3.2680263829436527,3.2680263829436527
Regresi Linear,18.7,15.095827268692435,35,Fold5.Rep06,3.604172731307564,3.604172731307564
Regresi Linear,12.18,12.980805214834305,4,Fold1.Rep07,-0.8008052148343054,0.8008052148343054
Regresi Linear,4.74,2.8941952209383,13,Fold1.Rep07,1.8458047790617003,1.8458047790617003
Regresi Linear,4.6499999999999995,4.567838306328464,18,Fold1.Rep07,0.08216169367153547,0.08216169367153547
Regresi Linear,8.93,14.78867456492881,20,Fold1.Rep07,-5.85867456492881,5.85867456492881
Regresi Linear,9.8,8.52886748655211,22,Fold1.Rep07,1.2711325134478901,1.2711325134478901
Regresi Linear,9.53,11.386004895082749,30,Fold1.Rep07,-1.8560048950827497,1.8560048950827497
Regresi Linear,18.7,15.160760429932225,35,Fold1.Rep07,3.5392395700677746,3.5392395700677746
Regresi Linear,14.91,13.114285418120778,37,Fold1.Rep07,1.7957145818792224,1.7957145818792224
Regresi Linear,9.51,14.031359559388294,7,Fold2.Rep07,-4.521359559388294,4.521359559388294
Regresi Linear,9.15,9.090758756705506,8,Fold2.Rep07,0.059241243294493984,0.059241243294493984
Regresi Linear,6.48,9.061123129427063,17,Fold2.Rep07,-2.5811231294270627,2.5811231294270627
Regresi Linear,12.42,8.84831737135311,19,Fold2.Rep07,3.57168262864689,3.57168262864689
Regresi Linear,9.8,8.18210561284755,24,Fold2.Rep07,1.6178943871524503,1.6178943871524503
Regresi Linear,10.89,9.606118786117827,25,Fold2.Rep07,1.2838812138821734,1.2838812138821734
Regresi Linear,17.19,14.407073873330695,31,Fold2.Rep07,2.782926126669306,2.782926126669306
Regresi Linear,5,2.884898115864054,33,Fold2.Rep07,2.115101884135946,2.115101884135946
Regresi Linear,19.35,10.880071107537018,1,Fold3.Rep07,8.469928892462983,8.469928892462983
Regresi Linear,5.7700000000000005,5.612142297048542,15,Fold3.Rep07,0.15785770295145873,0.15785770295145873
Regresi Linear,11.04,11.403142081443674,21,Fold3.Rep07,-0.36314208144367477,0.36314208144367477
Regresi Linear,9.45,10.311135733654842,23,Fold3.Rep07,-0.8611357336548426,0.8611357336548426
Regresi Linear,13.85,12.980906192974183,28,Fold3.Rep07,0.8690938070258163,0.8690938070258163
Regresi Linear,11.9,11.874990959271878,34,Fold3.Rep07,0.025009040728122045,0.025009040728122045
Regresi Linear,6.53,8.973965087986782,38,Fold3.Rep07,-2.443965087986782,2.443965087986782
Regresi Linear,8.69,11.256550890927475,3,Fold4.Rep07,-2.5665508909274752,2.5665508909274752
Regresi Linear,10.96,6.007917798025315,6,Fold4.Rep07,4.952082201974686,4.952082201974686
Regresi Linear,10.72,9.536226835545355,9,Fold4.Rep07,1.1837731644546459,1.1837731644546459
Regresi Linear,3.3099999999999996,6.89444531516931,10,Fold4.Rep07,-3.5844453151693108,3.5844453151693108
Regresi Linear,7.1499999999999995,6.62925218558634,12,Fold4.Rep07,0.5207478144136592,0.5207478144136592
Regresi Linear,14.4,11.710773795089564,26,Fold4.Rep07,2.6892262049104367,2.6892262049104367
Regresi Linear,9.239999999999998,11.675899449602985,29,Fold4.Rep07,-2.435899449602987,2.435899449602987
Regresi Linear,21.76,16.522000975735043,32,Fold4.Rep07,5.237999024264958,5.237999024264958
Regresi Linear,7.34,11.169025293945026,2,Fold5.Rep07,-3.829025293945026,3.829025293945026
Regresi Linear,13.34,14.019602745291655,5,Fold5.Rep07,-0.6796027452916551,0.6796027452916551
Regresi Linear,7.3,5.2717946840320336,11,Fold5.Rep07,2.0282053159679663,2.0282053159679663
Regresi Linear,4.26,3.928579628287703,14,Fold5.Rep07,0.331420371712297,0.331420371712297
Regresi Linear,6.6,7.692960623810128,16,Fold5.Rep07,-1.0929606238101286,1.0929606238101286
Regresi Linear,13.65,12.617875501051067,27,Fold5.Rep07,1.0321244989489333,1.0321244989489333
Regresi Linear,10.63,12.008384734227697,36,Fold5.Rep07,-1.378384734227696,1.378384734227696
Regresi Linear,12.18,12.953639386611393,4,Fold1.Rep08,-0.7736393866113929,0.7736393866113929
Regresi Linear,3.3099999999999996,6.489370476597291,10,Fold1.Rep08,-3.179370476597291,3.179370476597291
Regresi Linear,4.26,3.2663959181541258,14,Fold1.Rep08,0.993604081845874,0.993604081845874
Regresi Linear,8.93,14.743501287302271,20,Fold1.Rep08,-5.813501287302271,5.813501287302271
Regresi Linear,9.8,8.985834296152122,22,Fold1.Rep08,0.8141657038478787,0.8141657038478787
Regresi Linear,14.4,11.789729039178162,26,Fold1.Rep08,2.610270960821838,2.610270960821838
Regresi Linear,13.85,14.217450861962185,28,Fold1.Rep08,-0.367450861962185,0.367450861962185
Regresi Linear,9.15,8.90995046686653,8,Fold2.Rep08,0.24004953313347066,0.24004953313347066
Regresi Linear,7.3,4.563870446519801,11,Fold2.Rep08,2.7361295534801986,2.7361295534801986
Regresi Linear,4.74,2.32791108182486,13,Fold2.Rep08,2.41208891817514,2.41208891817514
Regresi Linear,5.7700000000000005,4.278095415119087,15,Fold2.Rep08,1.4919045848809134,1.4919045848809134
Regresi Linear,11.04,10.661299316059425,21,Fold2.Rep08,0.37870068394057377,0.37870068394057377
Regresi Linear,13.65,12.225411912642791,27,Fold2.Rep08,1.4245880873572094,1.4245880873572094
Regresi Linear,11.9,13.388294554427564,34,Fold2.Rep08,-1.4882945544275632,1.4882945544275632
Regresi Linear,14.91,12.39510956613989,37,Fold2.Rep08,2.51489043386011,2.51489043386011
Regresi Linear,19.35,11.914532918373702,1,Fold3.Rep08,7.4354670816262995,7.4354670816262995
Regresi Linear,7.34,11.051682314504623,2,Fold3.Rep08,-3.711682314504623,3.711682314504623
Regresi Linear,6.6,7.655659857982799,16,Fold3.Rep08,-1.055659857982799,1.055659857982799
Regresi Linear,12.42,10.225228995987298,19,Fold3.Rep08,2.1947710040127024,2.1947710040127024
Regresi Linear,9.8,8.828363133940345,24,Fold3.Rep08,0.9716368660596562,0.9716368660596562
Regresi Linear,9.239999999999998,12.10879299305579,29,Fold3.Rep08,-2.8687929930557914,2.8687929930557914
Regresi Linear,6.53,9.112787614142935,38,Fold3.Rep08,-2.5827876141429345,2.5827876141429345
Regresi Linear,13.34,13.196584568946719,5,Fold4.Rep08,0.14341543105328114,0.14341543105328114
Regresi Linear,10.96,3.947501450063935,6,Fold4.Rep08,7.0124985499360655,7.0124985499360655
Regresi Linear,4.6499999999999995,6.787670819878116,18,Fold4.Rep08,-2.1376708198781165,2.1376708198781165
Regresi Linear,9.45,10.403284918957505,23,Fold4.Rep08,-0.9532849189575057,0.9532849189575057
Regresi Linear,9.53,11.614587201111018,30,Fold4.Rep08,-2.0845872011110185,2.0845872011110185
Regresi Linear,17.19,14.583078998462135,31,Fold4.Rep08,2.6069210015378665,2.6069210015378665
Regresi Linear,5,2.0609111623775154,33,Fold4.Rep08,2.9390888376224846,2.9390888376224846
Regresi Linear,10.63,11.49954783286772,36,Fold4.Rep08,-0.8695478328677186,0.8695478328677186
Regresi Linear,8.69,11.328594222161495,3,Fold5.Rep08,-2.6385942221614958,2.6385942221614958
Regresi Linear,9.51,13.982497915830471,7,Fold5.Rep08,-4.472497915830472,4.472497915830472
Regresi Linear,10.72,9.63780727428285,9,Fold5.Rep08,1.0821927257171513,1.0821927257171513
Regresi Linear,7.1499999999999995,6.101645837717177,12,Fold5.Rep08,1.0483541622828225,1.0483541622828225
Regresi Linear,6.48,8.569558849035433,17,Fold5.Rep08,-2.0895588490354324,2.0895588490354324
Regresi Linear,10.89,10.017372183460633,25,Fold5.Rep08,0.8726278165393673,0.8726278165393673
Regresi Linear,21.76,15.380304459030878,32,Fold5.Rep08,6.379695540969124,6.379695540969124
Regresi Linear,18.7,14.787176652758795,35,Fold5.Rep08,3.912823347241204,3.912823347241204
Regresi Linear,9.15,9.27586422548601,8,Fold1.Rep09,-0.12586422548601028,0.12586422548601028
Regresi Linear,6.6,8.245662456675054,16,Fold1.Rep09,-1.6456624566750548,1.6456624566750548
Regresi Linear,9.8,8.184498044174656,22,Fold1.Rep09,1.6155019558253443,1.6155019558253443
Regresi Linear,14.4,10.617618505607673,26,Fold1.Rep09,3.782381494392327,3.782381494392327
Regresi Linear,5,4.1943048907673814,33,Fold1.Rep09,0.8056951092326186,0.8056951092326186
Regresi Linear,11.9,12.711496598930243,34,Fold1.Rep09,-0.8114965989302423,0.8114965989302423
Regresi Linear,18.7,14.4913938195528,35,Fold1.Rep09,4.2086061804472,4.2086061804472
Regresi Linear,19.35,9.959630660151353,1,Fold2.Rep09,9.390369339848649,9.390369339848649
Regresi Linear,12.18,12.78318991484669,4,Fold2.Rep09,-0.6031899148466895,0.6031899148466895
Regresi Linear,13.34,12.524595615211036,5,Fold2.Rep09,0.8154043847889643,0.8154043847889643
Regresi Linear,9.51,13.161784477574063,7,Fold2.Rep09,-3.651784477574063,3.651784477574063
Regresi Linear,3.3099999999999996,8.629459411923094,10,Fold2.Rep09,-5.319459411923094,5.319459411923094
Regresi Linear,5.7700000000000005,5.3594914853416,15,Fold2.Rep09,0.41050851465840044,0.41050851465840044
Regresi Linear,11.04,11.751714145356674,21,Fold2.Rep09,-0.7117141453566749,0.7117141453566749
Regresi Linear,9.239999999999998,11.62048646041784,29,Fold2.Rep09,-2.380486460417842,2.380486460417842
Regresi Linear,7.34,10.939353386670717,2,Fold3.Rep09,-3.5993533866707175,3.5993533866707175
Regresi Linear,8.69,11.403016405823871,3,Fold3.Rep09,-2.713016405823872,2.713016405823872
Regresi Linear,10.96,4.734503669393645,6,Fold3.Rep09,6.225496330606356,6.225496330606356
Regresi Linear,10.72,9.641018907665474,9,Fold3.Rep09,1.0789810923345264,1.0789810923345264
Regresi Linear,4.74,2.7071448475452944,13,Fold3.Rep09,2.032855152454706,2.032855152454706
Regresi Linear,13.65,12.444159027924847,27,Fold3.Rep09,1.205840972075153,1.205840972075153
Regresi Linear,14.91,12.405624852032378,37,Fold3.Rep09,2.5043751479676217,2.5043751479676217
Regresi Linear,6.53,8.858193848669368,38,Fold3.Rep09,-2.3281938486693674,2.3281938486693674
Regresi Linear,7.1499999999999995,7.4683867641530055,12,Fold4.Rep09,-0.31838676415300604,0.31838676415300604
Regresi Linear,4.26,2.961395646378085,14,Fold4.Rep09,1.298604353621915,1.298604353621915
Regresi Linear,8.93,14.832959537853592,20,Fold4.Rep09,-5.902959537853592,5.902959537853592
Regresi Linear,9.8,8.67801753304703,24,Fold4.Rep09,1.1219824669529714,1.1219824669529714
Regresi Linear,10.89,9.923377448461652,25,Fold4.Rep09,0.9666225515383484,0.9666225515383484
Regresi Linear,13.85,14.103854269427547,28,Fold4.Rep09,-0.2538542694275474,0.2538542694275474
Regresi Linear,9.53,11.543133363450156,30,Fold4.Rep09,-2.013133363450157,2.013133363450157
Regresi Linear,17.19,13.71116679196902,31,Fold4.Rep09,3.4788332080309807,3.4788332080309807
Regresi Linear,7.3,5.685853584282641,11,Fold5.Rep09,1.614146415717359,1.614146415717359
Regresi Linear,6.48,8.572353111654266,17,Fold5.Rep09,-2.0923531116542655,2.0923531116542655
Regresi Linear,4.6499999999999995,4.80361223731842,18,Fold5.Rep09,-0.15361223731842077,0.15361223731842077
Regresi Linear,12.42,9.004216678372204,19,Fold5.Rep09,3.4157833216277957,3.4157833216277957
Regresi Linear,9.45,10.722027553107406,23,Fold5.Rep09,-1.2720275531074066,1.2720275531074066
Regresi Linear,21.76,16.085428404110413,32,Fold5.Rep09,5.674571595889589,5.674571595889589
Regresi Linear,10.63,11.677858550413157,36,Fold5.Rep09,-1.0478585504131566,1.0478585504131566
Regresi Linear,7.3,5.544917971460504,11,Fold1.Rep10,1.755082028539496,1.755082028539496
Regresi Linear,6.6,8.052410477254126,16,Fold1.Rep10,-1.4524104772541264,1.4524104772541264
Regresi Linear,12.42,9.25966264277562,19,Fold1.Rep10,3.16033735722438,3.16033735722438
Regresi Linear,10.89,9.734794078189598,25,Fold1.Rep10,1.1552059218104027,1.1552059218104027
Regresi Linear,18.7,14.850544697836368,35,Fold1.Rep10,3.8494553021636317,3.8494553021636317
Regresi Linear,10.63,11.982709957749002,36,Fold1.Rep10,-1.352709957749001,1.352709957749001
Regresi Linear,6.53,9.69718634830272,38,Fold1.Rep10,-3.16718634830272,3.16718634830272
Regresi Linear,8.69,11.00457370085182,3,Fold2.Rep10,-2.3145737008518203,2.3145737008518203
Regresi Linear,10.96,3.8977543964427483,6,Fold2.Rep10,7.062245603557253,7.062245603557253
Regresi Linear,5.7700000000000005,6.055123280794172,15,Fold2.Rep10,-0.2851232807941715,0.2851232807941715
Regresi Linear,9.45,10.30190668295557,23,Fold2.Rep10,-0.8519066829555708,0.8519066829555708
Regresi Linear,9.8,7.646928633834889,24,Fold2.Rep10,2.1530713661651113,2.1530713661651113
Regresi Linear,13.85,13.8967925617016,28,Fold2.Rep10,-0.04679256170160073,0.04679256170160073
Regresi Linear,17.19,14.482777472357737,31,Fold2.Rep10,2.707222527642264,2.707222527642264
Regresi Linear,5,1.7858165238542332,33,Fold2.Rep10,3.2141834761457666,3.2141834761457666
Regresi Linear,19.35,5.393529801615543,1,Fold3.Rep10,13.956470198384459,13.956470198384459
Regresi Linear,13.34,10.620041590737676,5,Fold3.Rep10,2.7199584092623237,2.7199584092623237
Regresi Linear,9.15,11.114537243240685,8,Fold3.Rep10,-1.9645372432406845,1.9645372432406845
Regresi Linear,10.72,10.224147479734125,9,Fold3.Rep10,0.4958525202658759,0.4958525202658759
Regresi Linear,3.3099999999999996,10.221830072358015,10,Fold3.Rep10,-6.911830072358016,6.911830072358016
Regresi Linear,4.26,2.131533121426489,14,Fold3.Rep10,2.128466878573511,2.128466878573511
Regresi Linear,9.8,13.24937582147786,22,Fold3.Rep10,-3.44937582147786,3.44937582147786
Regresi Linear,9.53,12.96269703199336,30,Fold3.Rep10,-3.43269703199336,3.43269703199336
Regresi Linear,7.34,10.978460782707149,2,Fold4.Rep10,-3.638460782707149,3.638460782707149
Regresi Linear,7.1499999999999995,8.271536012137911,12,Fold4.Rep10,-1.1215360121379119,1.1215360121379119
Regresi Linear,6.48,9.368266884853986,17,Fold4.Rep10,-2.8882668848539854,2.8882668848539854
Regresi Linear,8.93,14.868092596811168,20,Fold4.Rep10,-5.938092596811169,5.938092596811169
Regresi Linear,11.04,10.588097959819345,21,Fold4.Rep10,0.45190204018065394,0.45190204018065394
Regresi Linear,13.65,14.080332531513188,27,Fold4.Rep10,-0.4303325315131872,0.4303325315131872
Regresi Linear,11.9,14.078038194024762,34,Fold4.Rep10,-2.1780381940247615,2.1780381940247615
Regresi Linear,14.91,13.098292495959516,37,Fold4.Rep10,1.8117075040404842,1.8117075040404842
Regresi Linear,12.18,12.018254053192672,4,Fold5.Rep10,0.16174594680732746,0.16174594680732746
Regresi Linear,9.51,14.553400881136778,7,Fold5.Rep10,-5.043400881136778,5.043400881136778
Regresi Linear,4.74,3.231634624118174,13,Fold5.Rep10,1.508365375881826,1.508365375881826
Regresi Linear,4.6499999999999995,6.05546528600096,18,Fold5.Rep10,-1.4054652860009602,1.4054652860009602
Regresi Linear,14.4,11.050731341765479,26,Fold5.Rep10,3.3492686582345215,3.3492686582345215
Regresi Linear,9.239999999999998,12.538820725023621,29,Fold5.Rep10,-3.2988207250236226,3.2988207250236226
Regresi Linear,21.76,16.90748181385596,32,Fold5.Rep10,4.852518186144042,4.852518186144042
Random Forest,9.8,9.858813333333336,22,Fold4.Rep02,-0.05881333333333494,0.05881333333333494
Random Forest,5,6.2286233333333385,33,Fold4.Rep02,-1.2286233333333385,1.2286233333333385
Random Forest,10.89,10.452722333333353,25,Fold1.Rep01,0.43727766666664714,0.43727766666664714
Random Forest,4.26,6.071319333333329,14,Fold3.Rep02,-1.811319333333329,1.811319333333329
Random Forest,14.4,12.078826666666673,26,Fold3.Rep05,2.321173333333327,2.321173333333327
Random Forest,9.239999999999998,8.635249000000012,29,Fold3.Rep05,0.604750999999986,0.604750999999986
Random Forest,9.51,13.685173333333344,7,Fold2.Rep06,-4.175173333333344,4.175173333333344
Random Forest,10.72,10.046508666666671,9,Fold2.Rep06,0.6734913333333292,0.6734913333333292
Random Forest,5.7700000000000005,6.198353000000001,15,Fold2.Rep06,-0.42835300000000043,0.42835300000000043
Random Forest,9.45,9.21615466666667,23,Fold1.Rep01,0.23384533333332946,0.23384533333332946
Random Forest,6.48,7.370005666666665,17,Fold3.Rep05,-0.8900056666666645,0.8900056666666645
Random Forest,11.9,12.37580300000001,34,Fold3.Rep01,-0.47580300000000975,0.47580300000000975
Random Forest,21.76,14.857405999999981,32,Fold4.Rep01,6.90259400000002,6.90259400000002
Random Forest,11.04,10.606215333333349,21,Fold2.Rep05,0.43378466666665005,0.43378466666665005
Random Forest,10.89,10.748466666666685,25,Fold2.Rep05,0.14153333333331553,0.14153333333331553
Random Forest,13.85,14.028993,28,Fold5.Rep05,-0.17899300000000018,0.17899300000000018
Random Forest,4.6499999999999995,5.476569000000005,18,Fold2.Rep05,-0.8265690000000054,0.8265690000000054
Random Forest,6.6,6.916825000000005,16,Fold5.Rep06,-0.316825000000005,0.316825000000005
Random Forest,14.91,10.725177000000006,37,Fold3.Rep01,4.184822999999994,4.184822999999994
Random Forest,13.65,12.744260000000006,27,Fold2.Rep05,0.9057399999999944,0.9057399999999944
Random Forest,21.76,15.843341333333337,32,Fold4.Rep06,5.916658666666665,5.916658666666665
Random Forest,4.74,5.721816000000007,13,Fold2.Rep07,-0.9818160000000065,0.9818160000000065
Random Forest,5.7700000000000005,6.250548666666674,15,Fold2.Rep07,-0.4805486666666736,0.4805486666666736
Random Forest,4.6499999999999995,5.800633000000002,18,Fold1.Rep01,-1.1506330000000027,1.1506330000000027
Random Forest,10.96,6.335536333333332,6,Fold2.Rep07,4.624463666666669,4.624463666666669
Random Forest,17.19,12.785808000000022,31,Fold3.Rep01,4.404191999999979,4.404191999999979
Random Forest,9.239999999999998,10.46294166666666,29,Fold4.Rep01,-1.222941666666662,1.222941666666662
Random Forest,8.93,13.833174999999992,20,Fold2.Rep07,-4.903174999999992,4.903174999999992
Random Forest,17.19,13.502073000000024,31,Fold2.Rep07,3.687926999999977,3.687926999999977
Random Forest,6.53,9.859413333333334,38,Fold3.Rep03,-3.329413333333334,3.329413333333334
Random Forest,10.63,10.833159333333334,36,Fold4.Rep06,-0.2031593333333337,0.2031593333333337
Random Forest,10.63,11.505204333333324,36,Fold5.Rep01,-0.8752043333333237,0.8752043333333237
Random Forest,18.7,14.79660966666668,35,Fold5.Rep02,3.90339033333332,3.90339033333332
Random Forest,6.48,7.3391959999999985,17,Fold2.Rep06,-0.8591959999999981,0.8591959999999981
Random Forest,11.9,12.722969000000017,34,Fold4.Rep02,-0.8229690000000165,0.8229690000000165
Random Forest,14.91,10.658436666666665,37,Fold4.Rep06,4.251563333333335,4.251563333333335
Random Forest,6.53,9.738292333333332,38,Fold4.Rep06,-3.2082923333333317,3.2082923333333317
Random Forest,6.53,10.233009666666657,38,Fold4.Rep01,-3.7030096666666568,3.7030096666666568
Random Forest,10.89,10.416973333333328,25,Fold4.Rep06,0.4730266666666729,0.4730266666666729
Random Forest,9.53,11.447142666666666,30,Fold2.Rep03,-1.9171426666666669,1.9171426666666669
Random Forest,21.76,15.663200999999995,32,Fold1.Rep07,6.096799000000006,6.096799000000006
Random Forest,4.74,5.575573333333339,13,Fold3.Rep01,-0.8355733333333388,0.8355733333333388
Random Forest,5.7700000000000005,6.059823333333336,15,Fold2.Rep09,-0.2898233333333353,0.2898233333333353
Random Forest,9.53,12.380461666666669,30,Fold2.Rep09,-2.8504616666666696,2.8504616666666696
Random Forest,10.63,11.684345333333326,36,Fold5.Rep02,-1.054345333333325,1.054345333333325
Random Forest,5,6.48273566666667,33,Fold2.Rep09,-1.4827356666666702,1.4827356666666702
Random Forest,10.63,11.518913333333344,36,Fold2.Rep09,-0.8889133333333437,0.8889133333333437
Random Forest,14.91,10.245041000000008,37,Fold2.Rep09,4.6649589999999925,4.6649589999999925
Random Forest,14.91,10.183484666666667,37,Fold4.Rep02,4.726515333333333,4.726515333333333
Random Forest,8.93,13.583769333333326,20,Fold4.Rep06,-4.653769333333326,4.653769333333326
Random Forest,18.7,15.494381000000018,35,Fold2.Rep03,3.205618999999981,3.205618999999981
Random Forest,12.42,9.91658933333333,19,Fold5.Rep01,2.503410666666669,2.503410666666669
Random Forest,7.1499999999999995,5.707454333333327,12,Fold2.Rep01,1.442545666666672,1.442545666666672
Random Forest,4.26,5.626081333333334,14,Fold2.Rep01,-1.3660813333333346,1.3660813333333346
Random Forest,17.19,13.164395666666673,31,Fold3.Rep03,4.0256043333333285,4.0256043333333285
Random Forest,7.34,11.081733000000002,2,Fold3.Rep07,-3.7417330000000018,3.7417330000000018
Random Forest,4.26,6.454553000000003,14,Fold3.Rep07,-2.1945530000000035,2.1945530000000035
Random Forest,4.6499999999999995,5.938629000000001,18,Fold3.Rep07,-1.2886290000000011,1.2886290000000011
Random Forest,11.04,10.267563333333333,21,Fold3.Rep07,0.7724366666666658,0.7724366666666658
Random Forest,10.89,10.104686333333342,25,Fold3.Rep07,0.78531366666665825,0.78531366666665825
Random Forest,14.4,12.670405333333338,26,Fold1.Rep01,1.729594666666662,1.729594666666662
Random Forest,10.63,9.871964000000009,36,Fold3.Rep05,0.7580359999999917,0.7580359999999917
Random Forest,14.91,8.94822733333334,37,Fold3.Rep05,5.9617726666666595,5.9617726666666595
Random Forest,7.3,5.343705666666664,11,Fold5.Rep06,1.9562943333333358,1.9562943333333358
Random Forest,9.45,9.300547000000002,23,Fold2.Rep03,0.14945299999999762,0.14945299999999762
Random Forest,13.65,12.651235666666668,27,Fold3.Rep03,0.998764333333332,0.998764333333332
Random Forest,9.239999999999998,11.050861000000003,29,Fold3.Rep03,-1.8108610000000045,1.8108610000000045
Random Forest,7.1499999999999995,5.426724666666662,12,Fold3.Rep05,1.723275333333337,1.723275333333337
Random Forest,7.1499999999999995,5.995475999999994,12,Fold5.Rep06,1.1545240000000057,1.1545240000000057
Random Forest,21.76,15.77436933333331,32,Fold4.Rep03,5.985630666666692,5.985630666666692
Random Forest,12.42,9.710516333333322,19,Fold5.Rep06,2.709483666666678,2.709483666666678
Random Forest,11.04,10.05273699999999,21,Fold5.Rep06,0.9872630000000093,0.9872630000000093
Random Forest,9.8,10.055417333333336,22,Fold5.Rep06,-0.2554173333333356,0.2554173333333356
Random Forest,7.34,10.796458333333337,2,Fold1.Rep03,-3.4564583333333374,3.4564583333333374
Random Forest,11.9,12.93228100000001,34,Fold2.Rep07,-1.03228100000001,1.03228100000001
Random Forest,9.51,13.032670666666672,7,Fold3.Rep03,-3.522670666666672,3.522670666666672
Random Forest,13.85,13.794339333333339,28,Fold3.Rep02,0.05566066666666103,0.05566066666666103
Random Forest,6.48,7.618865333333329,17,Fold5.Rep01,-1.138865333333329,1.138865333333329
Random Forest,9.15,8.694357666666676,8,Fold2.Rep01,0.4556423333333246,0.4556423333333246
Random Forest,12.18,9.037697000000009,4,Fold3.Rep05,3.142302999999991,3.142302999999991
Random Forest,9.8,8.275920333333332,24,Fold4.Rep01,1.524079666666669,1.524079666666669
Random Forest,21.76,15.895556333333369,32,Fold5.Rep02,5.864443666666633,5.864443666666633
Random Forest,9.45,9.795332000000004,23,Fold4.Rep05,-0.3453320000000044,0.3453320000000044
Random Forest,21.76,15.71144266666667,32,Fold4.Rep05,6.048557333333331,6.048557333333331
Random Forest,11.9,13.136390333333347,34,Fold4.Rep05,-1.2363903333333468,1.2363903333333468
Random Forest,13.85,13.705080999999993,28,Fold3.Rep09,0.1449190000000069,0.1449190000000069
Random Forest,21.76,16.165396666666645,32,Fold3.Rep09,5.594603333333357,5.594603333333357
Random Forest,11.9,13.755743666666673,34,Fold3.Rep09,-1.8557436666666725,1.8557436666666725
Random Forest,6.48,7.4459146666666705,17,Fold3.Rep02,-0.96591466666667,0.96591466666667
Random Forest,9.45,9.906578999999999,23,Fold3.Rep02,-0.4565789999999996,0.4565789999999996
Random Forest,5.7700000000000005,6.010631999999996,15,Fold5.Rep01,-0.2406319999999953,0.2406319999999953
Random Forest,11.04,10.486949666666659,21,Fold2.Rep03,0.5530503333333403,0.5530503333333403
Random Forest,9.8,10.728336333333326,22,Fold4.Rep01,-0.9283363333333252,0.9283363333333252
Random Forest,9.8,9.716297333333333,22,Fold4.Rep03,0.08370266666666737,0.08370266666666737
Random Forest,9.51,14.31605133333334,7,Fold4.Rep07,-4.80605133333334,4.80605133333334
Random Forest,3.3099999999999996,9.286682999999995,10,Fold4.Rep07,-5.976682999999995,5.976682999999995
Random Forest,7.3,6.119746999999999,11,Fold4.Rep07,1.1802530000000004,1.1802530000000004
Random Forest,9.8,10.763134333333333,22,Fold4.Rep07,-0.9631343333333326,0.9631343333333326
Random Forest,14.4,11.898356333333325,26,Fold4.Rep07,2.5016436666666753,2.5016436666666753
Random Forest,13.65,12.620218666666666,27,Fold4.Rep07,1.029781333333334,1.029781333333334
Random Forest,10.63,10.743505666666652,36,Fold4.Rep07,-0.11350566666665074,0.11350566666665074
Random Forest,18.7,15.89546533333334,35,Fold3.Rep07,2.80453466666666,2.80453466666666
Random Forest,8.69,9.975483000000004,3,Fold4.Rep03,-1.2854830000000046,1.2854830000000046
Random Forest,9.8,8.1319543333333435,24,Fold3.Rep02,1.6680456666666572,1.6680456666666572
Random Forest,10.96,6.27131799999999,6,Fold2.Rep01,4.688682000000011,4.688682000000011
Random Forest,12.42,10.103444666666672,19,Fold4.Rep03,2.316555333333328,2.316555333333328
Random Forest,8.93,13.623524666666668,20,Fold5.Rep02,-4.693524666666669,4.693524666666669
Random Forest,6.48,7.558919333333337,17,Fold1.Rep07,-1.078919333333337,1.078919333333337
Random Forest,12.42,9.785476000000013,19,Fold1.Rep07,2.6345239999999865,2.6345239999999865
Random Forest,11.9,13.979196000000005,34,Fold5.Rep03,-2.079196000000005,2.079196000000005
Random Forest,5,6.315072666666675,33,Fold1.Rep07,-1.3150726666666754,1.3150726666666754
Random Forest,12.18,11.362278666666649,4,Fold3.Rep06,0.8177213333333508,0.8177213333333508
Random Forest,4.6499999999999995,5.793840333333337,18,Fold3.Rep06,-1.1438403333333378,1.1438403333333378
Random Forest,14.4,12.778404333333327,26,Fold3.Rep06,1.621595666666673,1.621595666666673
Random Forest,13.34,12.759799666666666,5,Fold1.Rep03,0.5802003333333339,0.5802003333333339
Random Forest,9.45,9.577991333333337,23,Fold2.Rep06,-0.12799133333333756,0.12799133333333756
Random Forest,3.3099999999999996,8.498350666666674,10,Fold4.Rep03,-5.1883506666666745,5.1883506666666745
Random Forest,7.3,5.814986666666665,11,Fold4.Rep03,1.4850133333333346,1.4850133333333346
Random Forest,12.18,10.640691333333326,4,Fold5.Rep01,1.539308666666674,1.539308666666674
Random Forest,13.34,12.649576666666661,5,Fold5.Rep01,0.6904233333333387,0.6904233333333387
Random Forest,8.69,10.188025666666672,3,Fold2.Rep09,-1.4980256666666723,1.4980256666666723
Random Forest,10.72,10.721141000000001,9,Fold2.Rep09,-0.0011410000000005027,0.0011410000000005027
Random Forest,6.6,6.103750333333337,16,Fold5.Rep05,0.4962496666666629,0.4962496666666629
Random Forest,9.8,7.5212596666666744,24,Fold5.Rep05,2.2787403333333263,2.2787403333333263
Random Forest,9.15,9.9733496666667,8,Fold2.Rep05,-0.8233496666666991,0.8233496666666991
Random Forest,14.4,12.483559666666665,26,Fold4.Rep09,1.9164403333333357,1.9164403333333357
Random Forest,12.18,11.128145999999997,4,Fold1.Rep02,1.0518540000000023,1.0518540000000023
Random Forest,13.34,12.578572333333328,5,Fold1.Rep02,0.7614276666666715,0.7614276666666715
Random Forest,3.3099999999999996,9.319984666666683,10,Fold1.Rep02,-6.009984666666683,6.009984666666683
Random Forest,7.3,6.00864333333333,11,Fold1.Rep02,1.2913566666666698,1.2913566666666698
Random Forest,6.6,7.305614000000003,16,Fold1.Rep02,-0.7056140000000033,0.7056140000000033
Random Forest,4.74,5.809427333333334,13,Fold2.Rep03,-1.0694273333333335,1.0694273333333335
Random Forest,4.6499999999999995,5.447204333333337,18,Fold2.Rep03,-0.7972043333333376,0.7972043333333376
Random Forest,9.239999999999998,10.274727333333335,29,Fold1.Rep02,-1.0347273333333362,1.0347273333333362
Random Forest,10.72,10.216658666666659,9,Fold5.Rep07,0.5033413333333421,0.5033413333333421
Random Forest,3.3099999999999996,8.975703666666682,10,Fold3.Rep01,-5.6657036666666825,5.6657036666666825
Random Forest,6.6,6.9778070000000065,16,Fold5.Rep07,-0.3778070000000069,0.3778070000000069
Random Forest,9.45,9.10193566666667,23,Fold5.Rep07,0.34806433333332976,0.34806433333332976
Random Forest,9.8,7.5579456666666704,24,Fold5.Rep07,2.2420543333333303,2.2420543333333303
Random Forest,13.85,13.939931333333334,28,Fold5.Rep07,-0.08993133333333425,0.08993133333333425
Random Forest,9.53,11.69649566666667,30,Fold5.Rep07,-2.1664956666666715,2.1664956666666715
Random Forest,14.91,10.08292233333334,37,Fold5.Rep07,4.827077666666661,4.827077666666661
Random Forest,10.96,6.075681666666662,6,Fold1.Rep04,4.884318333333339,4.884318333333339
Random Forest,9.15,8.416346666666676,8,Fold1.Rep04,0.7336533333333239,0.7336533333333239
Random Forest,8.69,9.98640233333334,3,Fold5.Rep01,-1.29640233333334,1.29640233333334
Random Forest,14.4,12.215586666666669,26,Fold1.Rep02,2.1844133333333318,2.1844133333333318
Random Forest,10.89,10.427229000000006,25,Fold3.Rep03,0.4627709999999947,0.4627709999999947
Random Forest,11.04,9.64985833333334,21,Fold1.Rep04,1.3901416666666595,1.3901416666666595
Random Forest,14.4,11.46317933333335,26,Fold1.Rep04,2.93682066666665,2.93682066666665
Random Forest,5,5.815483,33,Fold1.Rep04,-0.8154830000000004,0.8154830000000004
Random Forest,13.34,14.813206000000003,5,Fold5.Rep09,-1.473206000000003,1.473206000000003
Random Forest,10.96,6.274995333333332,6,Fold5.Rep09,4.685004666666669,4.685004666666669
Random Forest,9.51,15.03399766666668,7,Fold5.Rep09,-5.523997666666681,5.523997666666681
Random Forest,4.74,5.783793666666675,13,Fold5.Rep09,-1.0437936666666747,1.0437936666666747
Random Forest,4.26,6.040430333333342,14,Fold5.Rep09,-1.7804303333333422,1.7804303333333422
Random Forest,9.8,9.924259666666668,22,Fold5.Rep09,-0.1242596666666671,0.1242596666666671
Random Forest,9.45,9.65594666666667,23,Fold5.Rep09,-0.20594666666667116,0.20594666666667116
Random Forest,10.72,10.748478333333338,9,Fold3.Rep03,-0.028478333333337602,0.028478333333337602
Random Forest,6.48,7.845400666666666,17,Fold3.Rep03,-1.3654006666666652,1.3654006666666652
Random Forest,10.72,9.670688999999998,9,Fold4.Rep05,1.049311000000003,1.049311000000003
Random Forest,10.96,7.362057,6,Fold1.Rep06,3.597943000000001,3.597943000000001
Random Forest,3.3099999999999996,7.90134066666667,10,Fold1.Rep06,-4.59134066666667,4.59134066666667
Random Forest,4.74,5.823127333333337,13,Fold1.Rep06,-1.083127333333337,1.083127333333337
Random Forest,17.19,11.819492000000016,31,Fold1.Rep06,5.370507999999985,5.370507999999985
Random Forest,11.9,11.66158300000001,34,Fold1.Rep06,0.23841699999999122,0.23841699999999122
Random Forest,17.19,11.49743100000001,31,Fold2.Rep09,5.692568999999992,5.692568999999992
Random Forest,10.96,6.539153333333323,6,Fold2.Rep02,4.4208466666666775,4.4208466666666775
Random Forest,9.51,13.009189000000001,7,Fold2.Rep02,-3.499189000000001,3.499189000000001
Random Forest,5.7700000000000005,6.270472333333335,15,Fold2.Rep02,-0.5004723333333345,0.5004723333333345
Random Forest,11.04,10.534281333333341,21,Fold2.Rep02,0.5057186666666578,0.5057186666666578
Random Forest,13.65,12.587624666666668,27,Fold2.Rep02,1.062375333333332,1.062375333333332
Random Forest,3.3099999999999996,8.90522266666667,10,Fold4.Rep05,-5.595222666666671,5.595222666666671
Random Forest,19.35,13.367023999999983,1,Fold4.Rep01,5.9829760000000185,5.9829760000000185
Random Forest,7.3,5.711788666666668,11,Fold4.Rep01,1.5882113333333319,1.5882113333333319
Random Forest,6.6,7.032917333333337,16,Fold4.Rep01,-0.4329173333333376,0.4329173333333376
Random Forest,19.35,14.77008400000002,1,Fold3.Rep07,4.579915999999981,4.579915999999981
Random Forest,10.72,10.241576000000006,9,Fold1.Rep08,0.4784239999999951,0.4784239999999951
Random Forest,4.26,5.930549666666666,14,Fold1.Rep08,-1.6705496666666662,1.6705496666666662
Random Forest,6.6,6.577705666666665,16,Fold1.Rep08,0.022294333333334748,0.022294333333334748
Random Forest,21.76,15.10415866666671,32,Fold1.Rep08,6.655841333333292,6.655841333333292
Random Forest,18.7,14.453205000000011,35,Fold1.Rep08,4.246794999999988,4.246794999999988
Random Forest,9.239999999999998,10.326820666666666,29,Fold3.Rep07,-1.086820666666668,1.086820666666668
Random Forest,12.18,10.561362333333323,4,Fold2.Rep04,1.618637666666677,1.618637666666677
Random Forest,9.51,13.635208666666676,7,Fold2.Rep04,-4.125208666666676,4.125208666666676
Random Forest,10.89,9.852166666666673,25,Fold1.Rep02,1.037833333333328,1.037833333333328
Random Forest,4.6499999999999995,5.627350000000009,18,Fold2.Rep04,-0.9773500000000093,0.9773500000000093
Random Forest,7.1499999999999995,6.226462666666672,12,Fold4.Rep03,0.9235373333333277,0.9235373333333277
Random Forest,11.9,13.578202999999998,34,Fold2.Rep04,-1.6782029999999981,1.6782029999999981
Random Forest,18.7,15.951846999999997,35,Fold2.Rep04,2.748153000000002,2.748153000000002
Random Forest,9.8,8.252961666666677,24,Fold4.Rep03,1.5470383333333242,1.5470383333333242
Random Forest,8.69,10.119447333333344,3,Fold1.Rep10,-1.4294473333333446,1.4294473333333446
Random Forest,13.34,12.518305666666677,5,Fold1.Rep10,0.8216943333333226,0.8216943333333226
Random Forest,7.1499999999999995,5.565817999999997,12,Fold1.Rep10,1.5841820000000029,1.5841820000000029
Random Forest,9.45,9.470739000000009,23,Fold1.Rep10,-0.02073900000000961,0.02073900000000961
Random Forest,9.8,7.661946333333329,24,Fold1.Rep10,2.1380536666666714,2.1380536666666714
Random Forest,14.4,12.185042333333334,26,Fold1.Rep10,2.214957666666667,2.214957666666667
Random Forest,5,6.010703,33,Fold1.Rep10,-1.0107030000000004,1.0107030000000004
Random Forest,3.3099999999999996,8.928525000000015,10,Fold2.Rep04,-5.618525000000015,5.618525000000015
Random Forest,8.69,10.044129666666672,3,Fold4.Rep05,-1.3541296666666724,1.3541296666666724
Random Forest,13.65,13.041481999999997,27,Fold2.Rep06,0.6085180000000037,0.6085180000000037
Random Forest,18.7,15.845744666666677,35,Fold2.Rep06,2.854255333333322,2.854255333333322
Random Forest,5.7700000000000005,6.476651,15,Fold4.Rep05,-0.7066509999999999,0.7066509999999999
Random Forest,12.42,9.814598666666662,19,Fold4.Rep05,2.6054013333333383,2.6054013333333383
Random Forest,4.6499999999999995,5.65707966666667,18,Fold3.Rep09,-1.0070796666666704,1.0070796666666704
Random Forest,8.93,14.497695333333315,20,Fold3.Rep09,-5.567695333333315,5.567695333333315
Random Forest,9.8,7.794635333333332,24,Fold3.Rep09,2.0053646666666687,2.0053646666666687
Random Forest,19.35,15.093807333333345,1,Fold3.Rep02,4.2561926666666565,4.2561926666666565
Random Forest,7.34,11.66865266666665,2,Fold3.Rep02,-4.328652666666651,4.328652666666651
Random Forest,10.72,9.552325666666672,9,Fold3.Rep02,1.1676743333333288,1.1676743333333288
Random Forest,19.35,15.314995333333346,1,Fold2.Rep08,4.035004666666655,4.035004666666655
Random Forest,8.69,10.224124666666677,3,Fold2.Rep08,-1.5341246666666777,1.5341246666666777
Random Forest,3.3099999999999996,8.99329733333333,10,Fold2.Rep08,-5.683297333333331,5.683297333333331
Random Forest,12.42,10.137159000000006,19,Fold2.Rep08,2.282840999999994,2.282840999999994
Random Forest,9.45,10.23618100000001,23,Fold2.Rep08,-0.7861810000000116,0.7861810000000116
Random Forest,10.89,10.139493000000005,25,Fold2.Rep08,0.7505069999999954,0.7505069999999954
Random Forest,11.9,13.220865333333341,34,Fold2.Rep08,-1.3208653333333409,1.3208653333333409
Random Forest,6.53,9.686593333333349,38,Fold2.Rep08,-3.1565933333333485,3.1565933333333485
Random Forest,19.35,13.282697999999998,1,Fold3.Rep04,6.067302000000003,6.067302000000003
Random Forest,7.34,11.523641666666645,2,Fold3.Rep04,-4.183641666666645,4.183641666666645
Random Forest,7.3,5.860030666666664,11,Fold3.Rep04,1.4399693333333357,1.4399693333333357
Random Forest,5.7700000000000005,5.744601333333333,15,Fold3.Rep04,0.02539866666666768,0.02539866666666768
Random Forest,9.8,10.772804000000002,22,Fold3.Rep04,-0.9728040000000018,0.9728040000000018
Random Forest,6.53,9.942849999999993,38,Fold4.Rep07,-3.4128499999999926,3.4128499999999926
Random Forest,12.18,10.730162000000004,4,Fold5.Rep03,1.4498379999999962,1.4498379999999962
Random Forest,9.15,9.210797666666686,8,Fold5.Rep03,-0.0607976666666854,0.0607976666666854
Random Forest,4.26,6.478844000000004,14,Fold5.Rep03,-2.2188440000000043,2.2188440000000043
Random Forest,8.93,14.626771333333323,20,Fold5.Rep03,-5.696771333333324,5.696771333333324
Random Forest,14.4,12.252410333333343,26,Fold5.Rep03,2.147589666666658,2.147589666666658
Random Forest,13.85,15.350058000000013,28,Fold5.Rep03,-1.5000580000000134,1.5000580000000134
Random Forest,5,6.905057666666672,33,Fold5.Rep03,-1.9050576666666723,1.9050576666666723
Random Forest,7.34,10.755422333333334,2,Fold2.Rep10,-3.415422333333334,3.415422333333334
Random Forest,7.3,5.803870666666666,11,Fold2.Rep10,1.496129333333334,1.496129333333334
Random Forest,4.26,6.267681999999994,14,Fold2.Rep10,-2.0076819999999946,2.0076819999999946
Random Forest,4.6499999999999995,5.892977666666663,18,Fold2.Rep10,-1.2429776666666639,1.2429776666666639
Random Forest,9.8,9.995860666666669,22,Fold2.Rep10,-0.19586066666666824,0.19586066666666824
Random Forest,13.85,14.550568666666683,28,Fold3.Rep06,-0.7005686666666833,0.7005686666666833
Random Forest,9.239999999999998,10.346816333333324,29,Fold3.Rep06,-1.1068163333333256,1.1068163333333256
Random Forest,10.63,10.81747000000001,36,Fold1.Rep10,-0.18747000000001002,0.18747000000001002
Random Forest,9.8,7.758085333333335,24,Fold2.Rep06,2.041914666666666,2.041914666666666
Random Forest,19.35,14.879285666666648,1,Fold5.Rep05,4.470714333333353,4.470714333333353
Random Forest,10.96,5.8039726666666684,6,Fold5.Rep05,5.156027333333332,5.156027333333332
Random Forest,7.3,5.77454766666667,11,Fold5.Rep05,1.5254523333333294,1.5254523333333294
Random Forest,4.74,5.350109333333339,13,Fold5.Rep05,-0.6101093333333392,0.6101093333333392
Random Forest,9.15,9.576825333333352,8,Fold4.Rep09,-0.42682533333335115,0.42682533333335115
Random Forest,3.3099999999999996,9.023715000000019,10,Fold4.Rep09,-5.713715000000019,5.713715000000019
Random Forest,7.1499999999999995,6.629020666666668,12,Fold4.Rep09,0.5209793333333312,0.5209793333333312
Random Forest,9.15,8.799131333333337,8,Fold4.Rep02,0.3508686666666634,0.3508686666666634
Random Forest,4.74,5.75856433333334,13,Fold4.Rep02,-1.01856433333334,1.01856433333334
Random Forest,12.42,9.867405333333334,19,Fold4.Rep02,2.552594666666666,2.552594666666666
Random Forest,13.34,12.747673333333331,5,Fold3.Rep08,0.5923266666666684,0.5923266666666684
Random Forest,4.74,5.653366333333338,13,Fold3.Rep08,-0.9133663333333377,0.9133663333333377
Random Forest,6.48,7.627117666666663,17,Fold3.Rep08,-1.147117666666663,1.147117666666663
Random Forest,8.93,14.153899666666668,20,Fold3.Rep08,-5.223899666666668,5.223899666666668
Random Forest,9.8,10.268048000000007,22,Fold3.Rep08,-0.4680480000000067,0.4680480000000067
Random Forest,13.85,14.973980666666678,28,Fold3.Rep08,-1.1239806666666787,1.1239806666666787
Random Forest,9.53,11.858804333333323,30,Fold3.Rep08,-2.3288043333333235,2.3288043333333235
Random Forest,7.1499999999999995,5.289849999999997,12,Fold5.Rep07,1.8601500000000026,1.8601500000000026
Random Forest,10.72,10.224276666666675,9,Fold4.Rep04,0.4957233333333253,0.4957233333333253
Random Forest,4.74,5.642326666666675,13,Fold4.Rep04,-0.9023266666666752,0.9023266666666752
Random Forest,6.48,7.675945000000001,17,Fold4.Rep04,-1.195945000000001,1.195945000000001
Random Forest,9.45,9.747872000000003,23,Fold4.Rep04,-0.29787200000000347,0.29787200000000347
Random Forest,10.89,10.30370500000001,25,Fold4.Rep04,0.5862949999999909,0.5862949999999909
Random Forest,13.65,12.793236666666658,27,Fold4.Rep04,0.8567633333333422,0.8567633333333422
Random Forest,9.239999999999998,10.334425333333348,29,Fold4.Rep04,-1.0944253333333496,1.0944253333333496
Random Forest,17.19,11.327476333333339,31,Fold4.Rep04,5.862523666666663,5.862523666666663
Random Forest,4.26,6.236457333333333,14,Fold1.Rep04,-1.9764573333333333,1.9764573333333333
Random Forest,12.42,9.05443366666667,19,Fold1.Rep04,3.36556633333333,3.36556633333333
Random Forest,8.93,14.014442333333339,20,Fold1.Rep04,-5.084442333333339,5.084442333333339
Random Forest,9.15,9.889297666666684,8,Fold4.Rep06,-0.7392976666666833,0.7392976666666833
Random Forest,4.26,5.7377286666666665,14,Fold4.Rep06,-1.4777286666666667,1.4777286666666667
Random Forest,19.35,14.871228666666664,1,Fold3.Rep10,4.478771333333338,4.478771333333338
Random Forest,12.18,11.21709366666667,4,Fold3.Rep10,0.9629063333333292,0.9629063333333292
Random Forest,9.15,9.117851000000021,8,Fold3.Rep10,0.03214899999997911,0.03214899999997911
Random Forest,4.74,5.667400666666669,13,Fold3.Rep10,-0.927400666666669,0.927400666666669
Random Forest,6.48,7.2529733333333315,17,Fold3.Rep10,-0.7729733333333311,0.7729733333333311
Random Forest,10.89,10.288791666666679,25,Fold3.Rep10,0.6012083333333216,0.6012083333333216
Random Forest,13.85,14.54029533333333,28,Fold3.Rep10,-0.6902953333333297,0.6902953333333297
Random Forest,9.239999999999998,10.011303666666668,29,Fold3.Rep10,-0.7713036666666699,0.7713036666666699
Random Forest,18.7,15.927807000000032,35,Fold5.Rep09,2.7721929999999677,2.7721929999999677
Random Forest,8.69,10.01212333333334,3,Fold1.Rep06,-1.3221233333333409,1.3221233333333409
Random Forest,13.34,12.190143000000017,5,Fold1.Rep06,1.149856999999983,1.149856999999983
Random Forest,8.69,10.493277999999995,3,Fold5.Rep02,-1.8032779999999953,1.8032779999999953
Random Forest,7.1499999999999995,6.100620999999996,12,Fold5.Rep02,1.0493790000000036,1.0493790000000036
Random Forest,4.6499999999999995,5.7748613333333445,18,Fold5.Rep02,-1.124861333333345,1.124861333333345
Random Forest,12.18,9.286153666666669,4,Fold4.Rep08,2.8938463333333306,2.8938463333333306
Random Forest,9.51,13.840548000000002,7,Fold4.Rep08,-4.330548000000002,4.330548000000002
Random Forest,7.3,5.4749676666666645,11,Fold4.Rep08,1.8250323333333354,1.8250323333333354
Random Forest,7.1499999999999995,5.279011333333331,12,Fold4.Rep08,1.8709886666666682,1.8709886666666682
Random Forest,14.4,11.370390333333335,26,Fold4.Rep08,3.0296096666666656,3.0296096666666656
Random Forest,5,5.931917333333338,33,Fold4.Rep08,-0.9319173333333381,0.9319173333333381
Random Forest,10.63,9.859960333333335,36,Fold4.Rep08,0.7700396666666656,0.7700396666666656
Random Forest,14.91,9.460464666666667,37,Fold4.Rep08,5.449535333333333,5.449535333333333
Random Forest,9.53,11.855193999999996,30,Fold2.Rep02,-2.325193999999996,2.325193999999996
Random Forest,17.19,13.073561999999997,31,Fold2.Rep02,4.116438000000004,4.116438000000004
Random Forest,6.53,9.843368999999992,38,Fold2.Rep02,-3.313368999999992,3.313368999999992
Random Forest,10.96,5.959490999999995,6,Fold1.Rep08,5.000509000000005,5.000509000000005
Random Forest,9.15,8.784745666666685,8,Fold1.Rep08,0.3652543333333149,0.3652543333333149
Random Forest,8.69,10.419450666666668,3,Fold5.Rep04,-1.7294506666666685,1.7294506666666685
Random Forest,13.34,12.400266666666672,5,Fold5.Rep04,0.9397333333333275,0.9397333333333275
Random Forest,7.1499999999999995,5.264594000000001,12,Fold5.Rep04,1.8854059999999988,1.8854059999999988
Random Forest,6.6,6.958354999999999,16,Fold5.Rep04,-0.35835499999999954,0.35835499999999954
Random Forest,9.8,7.343968999999999,24,Fold5.Rep04,2.456031000000002,2.456031000000002
Random Forest,9.53,11.787647666666677,30,Fold5.Rep04,-2.257647666666678,2.257647666666678
Random Forest,14.91,10.127756666666668,37,Fold5.Rep04,4.782243333333332,4.782243333333332
Random Forest,13.85,13.967268333333339,28,Fold1.Rep01,-0.11726833333333886,0.11726833333333886
Random Forest,9.53,11.401066333333338,30,Fold1.Rep01,-1.8710663333333386,1.8710663333333386
Random Forest,5,6.644359333333334,33,Fold1.Rep01,-1.644359333333334,1.644359333333334
Random Forest,13.85,14.999108666666656,28,Fold2.Rep04,-1.1491086666666561,1.1491086666666561
Random Forest,19.35,14.579782999999983,1,Fold5.Rep06,4.770217000000018,4.770217000000018
Random Forest,7.34,11.009926333333327,2,Fold5.Rep06,-3.6699263333333274,3.6699263333333274
Random Forest,10.96,5.643035999999997,6,Fold4.Rep10,5.316964000000004,5.316964000000004
Random Forest,10.72,9.94238000000001,9,Fold4.Rep10,0.77761999999999,0.77761999999999
Random Forest,5.7700000000000005,6.2019596666666725,15,Fold4.Rep10,-0.43195966666667207,0.43195966666667207
Random Forest,6.6,6.427045666666669,16,Fold4.Rep10,0.17295433333333055,0.17295433333333055
Random Forest,8.93,13.779115999999993,20,Fold4.Rep10,-4.849115999999993,4.849115999999993
Random Forest,13.65,12.786759333333322,27,Fold4.Rep10,0.8632406666666785,0.8632406666666785
Random Forest,9.53,11.484359000000001,30,Fold4.Rep10,-1.954359000000002,1.954359000000002
Random Forest,21.76,16.312258666666654,32,Fold4.Rep10,5.447741333333347,5.447741333333347
Random Forest,5.7700000000000005,6.137668333333335,15,Fold1.Rep03,-0.3676683333333344,0.3676683333333344
Random Forest,6.6,7.101143000000005,16,Fold1.Rep03,-0.5011430000000052,0.5011430000000052
Random Forest,10.63,10.996270333333339,36,Fold1.Rep03,-0.3662703333333379,0.3662703333333379
Random Forest,14.91,10.75809600000001,37,Fold1.Rep03,4.151903999999989,4.151903999999989
Random Forest,7.34,11.315284333333324,2,Fold3.Rep09,-3.975284333333324,3.975284333333324
Random Forest,6.48,7.318453333333329,17,Fold3.Rep09,-0.8384533333333284,0.8384533333333284
Random Forest,7.34,11.299952999999988,2,Fold5.Rep08,-3.959952999999988,3.959952999999988
Random Forest,5.7700000000000005,6.097971666666677,15,Fold5.Rep08,-0.3279716666666763,0.3279716666666763
Random Forest,4.6499999999999995,5.822122000000011,18,Fold5.Rep08,-1.1721220000000114,1.1721220000000114
Random Forest,11.04,10.306596000000008,21,Fold5.Rep08,0.7334039999999913,0.7334039999999913
Random Forest,9.8,7.4439986666666735,24,Fold5.Rep08,2.356001333333327,2.356001333333327
Random Forest,13.65,13.063640333333332,27,Fold5.Rep08,0.5863596666666684,0.5863596666666684
Random Forest,9.239999999999998,10.456616666666676,29,Fold5.Rep08,-1.2166166666666776,1.2166166666666776
Random Forest,17.19,11.315215666666678,31,Fold5.Rep08,5.874784333333324,5.874784333333324
Random Forest,13.34,15.030394999999984,5,Fold1.Rep05,-1.6903949999999845,1.6903949999999845
Random Forest,9.51,15.72502466666666,7,Fold1.Rep05,-6.215024666666661,6.215024666666661
Random Forest,4.26,6.621198666666671,14,Fold1.Rep05,-2.361198666666671,2.361198666666671
Random Forest,8.93,13.999583666666648,20,Fold1.Rep05,-5.069583666666649,5.069583666666649
Random Forest,9.8,10.413980666666669,22,Fold1.Rep05,-0.6139806666666683,0.6139806666666683
Random Forest,5,7.070544000000002,33,Fold1.Rep05,-2.0705440000000017,2.0705440000000017
Random Forest,18.7,16.314872333333344,35,Fold1.Rep05,2.385127666666655,2.385127666666655
Random Forest,8.93,13.580979333333339,20,Fold2.Rep01,-4.650979333333339,4.650979333333339
Random Forest,11.04,10.353251999999989,21,Fold2.Rep01,0.6867480000000104,0.6867480000000104
Random Forest,13.65,12.92538,27,Fold2.Rep01,0.7246199999999998,0.7246199999999998
Random Forest,18.7,16.099314666666693,35,Fold2.Rep01,2.600685333333306,2.600685333333306
Random Forest,21.76,14.524445666666647,32,Fold3.Rep04,7.235554333333354,7.235554333333354
Random Forest,10.63,11.941475666666662,36,Fold3.Rep04,-1.3114756666666612,1.3114756666666612
Random Forest,6.53,10.214160333333323,38,Fold3.Rep04,-3.684160333333323,3.684160333333323
Random Forest,19.35,14.655273000000014,1,Fold2.Rep03,4.694726999999988,4.694726999999988
Random Forest,10.96,6.157356000000001,6,Fold2.Rep03,4.802644,4.802644
Random Forest,12.18,10.619541666666677,4,Fold1.Rep07,1.5604583333333224,1.5604583333333224
Random Forest,9.15,8.756072666666679,8,Fold1.Rep07,0.39392733333332153,0.39392733333332153
Random Forest,9.51,13.806071666666659,7,Fold5.Rep10,-4.296071666666659,4.296071666666659
Random Forest,3.3099999999999996,9.121168000000019,10,Fold5.Rep10,-5.811168000000019,5.811168000000019
Random Forest,12.42,9.78870366666667,19,Fold5.Rep10,2.6312963333333297,2.6312963333333297
Random Forest,11.04,10.013083000000007,21,Fold5.Rep10,1.026916999999992,1.026916999999992
Random Forest,18.7,15.526262000000012,35,Fold5.Rep10,3.1737379999999877,3.1737379999999877
Random Forest,6.53,9.74216833333334,38,Fold5.Rep10,-3.2121683333333406,3.2121683333333406
Random Forest,17.19,11.476175000000026,31,Fold2.Rep10,5.713824999999975,5.713824999999975
Random Forest,11.9,12.136179666666676,34,Fold2.Rep10,-0.23617966666667556,0.23617966666667556
Random Forest,14.91,10.355252333333336,37,Fold2.Rep10,4.554747666666664,4.554747666666664
Random Forest,9.53,11.275940666666667,30,Fold3.Rep06,-1.7459406666666677,1.7459406666666677
Random Forest,5,6.817064666666666,33,Fold3.Rep06,-1.817064666666666,1.817064666666666
Random Forest,7.34,11.653090999999987,2,Fold5.Rep05,-4.313090999999988,4.313090999999988
Random Forest,19.35,15.267949999999978,1,Fold4.Rep09,4.082050000000024,4.082050000000024
Random Forest,12.18,10.512063333333328,4,Fold4.Rep09,1.6679366666666713,1.6679366666666713
Random Forest,7.3,5.66066066666667,11,Fold1.Rep09,1.6393393333333295,1.6393393333333295
Random Forest,6.6,7.089836666666664,16,Fold1.Rep09,-0.4898366666666645,0.4898366666666645
Random Forest,12.42,9.606679666666677,19,Fold1.Rep09,2.8133203333333228,2.8133203333333228
Random Forest,11.04,9.870568000000013,21,Fold1.Rep09,1.1694319999999863,1.1694319999999863
Random Forest,10.89,9.92519200000001,25,Fold1.Rep09,0.9648079999999908,0.9648079999999908
Random Forest,13.65,13.117704666666658,27,Fold1.Rep09,0.5322953333333427,0.5322953333333427
Random Forest,9.239999999999998,10.66534933333334,29,Fold1.Rep09,-1.425349333333342,1.425349333333342
Random Forest,6.53,9.603717333333337,38,Fold1.Rep09,-3.073717333333337,3.073717333333337
Random Forest,9.53,12.177051666666676,30,Fold2.Rep05,-2.647051666666677,2.647051666666677
Random Forest,17.19,11.449025000000017,31,Fold2.Rep05,5.740974999999985,5.740974999999985
Random Forest,6.53,9.934417333333338,38,Fold2.Rep05,-3.4044173333333374,3.4044173333333374
Random Forest,7.34,10.687343999999994,2,Fold3.Rep01,-3.3473439999999943,3.3473439999999943
Random Forest,9.51,12.420445000000026,7,Fold3.Rep01,-2.910445000000026,2.910445000000026
Random Forest,10.72,10.103308666666662,9,Fold3.Rep01,0.616691333333339,0.616691333333339
Random Forest,8.69,10.392585666666667,3,Fold2.Rep07,-1.7025856666666677,1.7025856666666677
Random Forest,13.34,12.71818400000003,5,Fold2.Rep07,0.6218159999999706,0.6218159999999706
