model,resample,rmse,mae,r2
Random Forest,Fold1.Rep01,1.240962075637554,1.0262920952380932,0.8780692493950066
Random Forest,Fold1.Rep02,2.4210276246090183,1.7596513750000033,0.5278099510956875
Random Forest,Fold1.Rep03,2.237652107639863,1.5706073888888896,0.5819167490082736
Random Forest,Fold1.Rep04,3.096413428776215,2.6483603749999967,0.0996484507210188
Random Forest,Fold1.Rep05,3.4457606098213933,2.9151220476190414,0.4314657871698666
Random Forest,Fold1.Rep06,3.0976522870853613,2.479045190476187,0.5253828265261442
Random Forest,Fold1.Rep07,2.875046862036854,2.179950111111108,0.722738765309435
Random Forest,Fold1.Rep08,3.5955153686523658,2.6342382380952283,0.6222624725923899
Random Forest,Fold1.Rep09,1.7643436342028018,1.5135122916666646,0.5196359419208887
Random Forest,Fold1.Rep10,1.4036800059678916,1.1759058750000035,0.7604373369783926
Random Forest,Fold2.Rep01,2.6346331567403016,2.0769979999999997,0.5796659226041714
Random Forest,Fold2.Rep02,2.8886215843084693,2.467950374999999,0.2990518760795321
Random Forest,Fold2.Rep03,2.7650653385940664,2.1486584583333306,0.7129323285473403
Random Forest,Fold2.Rep04,3.0201592102320323,2.5593122857142907,0.6246180464992264
Random Forest,Fold2.Rep05,2.5967629033704833,1.865427583333333,0.4988091469235749
Random Forest,Fold2.Rep06,1.9846357332650675,1.4711116250000003,0.7336773390748456
Random Forest,Fold2.Rep07,2.841072457592396,2.2543266249999956,0.4409991544520171
Random Forest,Fold2.Rep08,2.937604057431581,2.443676791666669,0.556579907040311
Random Forest,Fold2.Rep09,2.907083326557281,2.1710785833333346,0.4403463779673493
Random Forest,Fold2.Rep10,3.020077769349919,2.3578530416666634,0.5277589019475732
Random Forest,Fold3.Rep01,3.353918048265145,2.8050719166666704,0.4363426010078083
Random Forest,Fold3.Rep02,2.3828470624150913,1.838754874999994,0.7075556504496002
Random Forest,Fold3.Rep03,2.399367801313183,1.9429954583333335,0.48461959242364516
Random Forest,Fold3.Rep04,3.9525587890391134,3.115038249999999,0.5219990245579845
Random Forest,Fold3.Rep05,2.815943826212023,2.2001881428571366,0.16090469994355172
Random Forest,Fold3.Rep06,1.3454942299668273,1.2790782380952435,0.8639809487653699
Random Forest,Fold3.Rep07,2.5424592867165114,2.15674208333333,0.7756196848621023
Random Forest,Fold3.Rep08,2.2895984270418213,1.685363333333335,0.4428018758638601
Random Forest,Fold3.Rep09,3.3035055297261966,2.6236429166666677,0.5704129269509702
Random Forest,Fold3.Rep10,1.7276444601445704,1.154625999999996,0.8351257645713278
Random Forest,Fold4.Rep01,3.614971170214762,2.7856332500000027,0.5711899235179286
Random Forest,Fold4.Rep02,2.144978225972315,1.5369926666666704,0.6271812707851128
Random Forest,Fold4.Rep03,3.066434652433781,2.3519139166666694,0.635032701218101
Random Forest,Fold4.Rep04,2.214262941613865,1.4114842916666688,0.6319478751551935
Random Forest,Fold4.Rep05,3.1575637409082695,2.367624416666671,0.6218570657074116
Random Forest,Fold4.Rep06,3.317164079705563,2.615437000000002,0.5689523278995201
Random Forest,Fold4.Rep07,3.1646206976014364,2.497987791666665,0.1520216689415822
Random Forest,Fold4.Rep08,3.0474730367095493,2.6376896666666676,0.16636855897978553
Random Forest,Fold4.Rep09,3.0609918574948574,2.387991111111122,0.6486828566596232
Random Forest,Fold4.Rep10,3.294840978002092,2.476744375000002,0.5066530149026106
Random Forest,Fold5.Rep01,1.3582962099797093,1.18346380952381,0.7613959147788012
Random Forest,Fold5.Rep02,3.346368913625421,2.7847460476190413,0.6709326455235505
Random Forest,Fold5.Rep03,2.605206685721389,2.1322690416666696,0.469479388760248
Random Forest,Fold5.Rep04,2.436513463245913,2.058409571428572,0.26995975783800963
Random Forest,Fold5.Rep05,3.0278882170376193,2.3786721666666666,0.5322374969092537
Random Forest,Fold5.Rep06,2.4966214363186237,1.9774938333333394,0.6114124855421346
Random Forest,Fold5.Rep07,2.1507752957300355,1.5518652083333346,0.374780447390089
Random Forest,Fold5.Rep08,2.7292020721402412,2.028401583333333,0.5038066832269139
Random Forest,Fold5.Rep09,2.886098161454544,2.2011039583333343,0.5524531691229502
Random Forest,Fold5.Rep10,3.665033481028882,3.358559888888888,0.421367883957116
Regresi Linear,Fold1.Rep01,2.463770888131093,2.050490790695899,0.570008179106517
Regresi Linear,Fold1.Rep02,2.7614239949628376,2.1873827101421783,0.6903234821030094
Regresi Linear,Fold1.Rep03,2.474364381988172,1.8634669743856034,0.7960574872721914
Regresi Linear,Fold1.Rep04,3.305931211991335,2.536830096807875,0.46133869471676703
Regresi Linear,Fold1.Rep05,3.5046397923831507,2.380800746410266,0.31522197547191466
Regresi Linear,Fold1.Rep06,3.2869483332475564,2.7161459545605915,-0.35768667926735986
Regresi Linear,Fold1.Rep07,2.720074495932654,2.1311922266217485,0.6318251353050481
Regresi Linear,Fold1.Rep08,2.7542787812806435,2.07885753699839,0.543385951990431
Regresi Linear,Fold1.Rep09,2.3500863322798256,1.8564582887126853,0.7061885485012038
Regresi Linear,Fold1.Rep10,2.483984177906183,2.270341056149108,0.6153252072011823
Regresi Linear,Fold2.Rep01,3.260412840064014,2.586055206400044,0.5307609111991378
Regresi Linear,Fold2.Rep02,1.9466617352764408,1.7201425895090856,0.7044377784164255
Regresi Linear,Fold2.Rep03,1.5564975972468789,1.3081569519372884,0.7198461416102637
Regresi Linear,Fold2.Rep04,3.7029328612851726,2.5253222992241082,0.3901413113732457
Regresi Linear,Fold2.Rep05,2.8547868412611064,2.1202415720666847,0.35432618316276177
Regresi Linear,Fold2.Rep06,1.6313138107699454,1.3087700012634131,0.7184750269401463
Regresi Linear,Fold2.Rep07,2.6539965670977543,2.3166512715745773,0.41735496606123534
Regresi Linear,Fold2.Rep08,1.8131650832547734,1.5858307936568974,0.7243093756147296
Regresi Linear,Fold2.Rep09,4.140979761514235,2.910364581176797,0.17425258489996598
Regresi Linear,Fold2.Rep10,3.1292479077944346,2.329389899976695,0.30260433473428816
Regresi Linear,Fold3.Rep01,2.3432707024598685,2.090005853520112,0.7329048755200526
Regresi Linear,Fold3.Rep02,4.056373725959109,3.404895343598109,-0.8636993317483428
Regresi Linear,Fold3.Rep03,3.1637946039735767,2.4803904766439904,0.366371402249155
Regresi Linear,Fold3.Rep04,2.0891490099459618,2.0008837275042906,0.6671633853387615
Regresi Linear,Fold3.Rep05,3.736694093060553,3.223453996270286,0.44853088979780975
Regresi Linear,Fold3.Rep06,2.374128905019444,2.1788583491778857,0.5812969885827848
Regresi Linear,Fold3.Rep07,3.367214963431094,1.8843046208933827,0.38129782222851916
Regresi Linear,Fold3.Rep08,3.6023610733166236,2.974399675912115,0.2694240836340692
Regresi Linear,Fold3.Rep09,3.1127909819796886,2.71101404207529,0.10504735554844447
Regresi Linear,Fold3.Rep10,5.940032398081188,4.382398521944511,-0.5880529118021482
Regresi Linear,Fold4.Rep01,5.0374021633732635,3.446288170142054,-0.16765935331157
Regresi Linear,Fold4.Rep02,4.746596926921416,3.6846743182084225,0.050023211795615086
Regresi Linear,Fold4.Rep03,3.6115598709954755,3.077869786950536,0.2779379242981008
Regresi Linear,Fold4.Rep04,3.677900926969626,3.1316623306919302,0.1624298690773207
Regresi Linear,Fold4.Rep05,1.942424562053362,1.769784046129076,0.6209855366990602
Regresi Linear,Fold4.Rep06,4.07459453072391,3.184861332464908,0.19780481270406802
Regresi Linear,Fold4.Rep07,3.2831620525669996,2.8963405082147697,0.5882249562024155
Regresi Linear,Fold4.Rep08,3.066145587418488,2.343376824120507,0.36395205532402664
Regresi Linear,Fold4.Rep09,2.623101859824179,1.9192970643785647,0.4971497521974325
Regresi Linear,Fold4.Rep10,2.8834615737142464,2.3072920682836626,0.05800538195833049
Regresi Linear,Fold5.Rep01,3.5628436096403875,2.9281715010652585,-0.15942620229157756
Regresi Linear,Fold5.Rep02,2.096340363998443,1.8442627772376654,0.7657287914703934
Regresi Linear,Fold5.Rep03,3.3957861962098006,2.7703674002869225,0.3888604023680039
Regresi Linear,Fold5.Rep04,2.52344404047231,2.007826528045369,0.6285162337002645
Regresi Linear,Fold5.Rep05,2.7794285409141835,2.1332066668192224,0.6762802844021532
Regresi Linear,Fold5.Rep06,4.292054320380707,3.7624348342832845,0.48596387457301604
Regresi Linear,Fold5.Rep07,1.8325056710755105,1.481674797700529,0.6946653206761302
Regresi Linear,Fold5.Rep08,3.361064597963354,2.8120430724721337,0.5769321445638282
Regresi Linear,Fold5.Rep09,2.7669324698611217,2.181478969389713,0.7210561640367856
Regresi Linear,Fold5.Rep10,3.2810996511232724,2.802797865604154,0.6470607115042184
