metric,value
persentase_miskin_mean,10.292631578947368
persentase_miskin_median,9.665
persentase_miskin_min,3.3099999999999996
persentase_miskin_max,21.76
persentase_miskin_sd,4.321289024535435
ipm_mean,74.6821052631579
ipm_median,73.905
ipm_min,66.19
ipm_max,84
ipm_sd,4.711227623279303
tpt_mean,4.662894736842105
tpt_median,4.664999999999999
tpt_min,1.71
tpt_max,8.05
tpt_sd,1.4288284898773065
pdrb_per_kapita_ribu_mean,70659.47368421053
pdrb_per_kapita_ribu_median,37232.5
pdrb_per_kapita_ribu_min,23842
pdrb_per_kapita_ribu_max,541068
pdrb_per_kapita_ribu_sd,89451.38173807402
rata_lama_sekolah_mean,8.708421052631579
rata_lama_sekolah_median,8.2
rata_lama_sekolah_min,5.96
rata_lama_sekolah_max,11.63
rata_lama_sekolah_sd,1.4969853062446457
sanitasi_layak_mean,84.5871052631579
sanitasi_layak_median,87.84
sanitasi_layak_min,50.3
sanitasi_layak_max,98.18
sanitasi_layak_sd,12.183120557934275
jumlah_penduduk_ribu_mean,1092.8473684210526
jumlah_penduduk_ribu_median,1099.8
jumlah_penduduk_ribu_min,136.1
jumlah_penduduk_ribu_max,2911.4
jumlah_penduduk_ribu_sd,682.4675300609417
laju_pertumbuhan_penduduk_mean,1.2276315789473684
laju_pertumbuhan_penduduk_median,0.8400000000000001
laju_pertumbuhan_penduduk_min,0.12
laju_pertumbuhan_penduduk_max,4.04
laju_pertumbuhan_penduduk_sd,0.9893280116581626
persentase_penduduk_mean,2.631315789473684
persentase_penduduk_median,2.65
persentase_penduduk_min,0.32999999999999996
persentase_penduduk_max,7.01
persentase_penduduk_sd,1.6434146571756107
kepadatan_penduduk_mean,1937.921052631579
kepadatan_penduduk_median,855.5
kepadatan_penduduk_min,410
kepadatan_penduduk_max,8667
kepadatan_penduduk_sd,2262.0293493636736
rasio_jenis_kelamin_mean,99.23947368421052
rasio_jenis_kelamin_median,99.55000000000001
rasio_jenis_kelamin_min,94
rasio_jenis_kelamin_max,101.9
rasio_jenis_kelamin_sd,1.85480230951896
