wilayah,actual,predicted,residual,standardized_residual,fitted,sqrt_abs_standardized_residual
Bangkalan,19.35,15.08782729785465,4.262172702145351,2.3511741099604424,15.087827297854677,1.533353876298763
Banyuwangi,7.34,10.868196850883587,-3.528196850883587,-1.388965448084705,10.868196850883594,1.178543782845892
Blitar,8.69,11.420266197497945,-2.7302661974979454,-1.0633464080736899,11.420266197497945,1.0311868928926948
Bojonegoro,12.18,12.493778094654635,-0.31377809465463535,-0.12776094014976333,12.493778094654644,0.35743662396257514
Bondowoso,13.34,13.584806062807589,-0.244806062807589,-0.10653467054284639,13.58480606280759,0.3263964928470378
Gresik,10.96,5.8835736170179205,5.07642638298208,2.1858481130778946,5.883573617017922,1.4784614006046606
Jember,9.51,13.913262412828777,-4.403262412828777,-1.8000507282533678,13.913262412828775,1.341659691670495
Jombang,9.15,9.463163418878295,-0.313163418878295,-0.12366208224373057,9.463163418878297,0.35165619892692146
Kediri,10.72,9.80542865675148,0.9145713432485199,0.36382887403226627,9.805428656751484,0.603182289222973
Kota Batu,3.3099999999999996,6.491283431108026,-3.1812834311080262,-1.3357422596094717,6.491283431108025,1.1557431633410045
Kota Blitar,7.3,5.508843073614405,1.7911569263855949,0.7264165640217988,5.508843073614408,0.8523007474018773
Kota Kediri,7.1499999999999995,7.120917196742181,0.029082803257818313,0.03066163667175426,7.120917196742184,0.1751046449177013
Kota Madiun,4.74,3.2765171668729507,1.4634828331270495,0.6107589137002423,3.276517166872954,0.7815106612838
Kota Malang,4.26,3.954288348330065,0.30571165166993497,0.13900635846414597,3.9542883483300644,0.37283556491320136
Kota Mojokerto,5.7700000000000005,5.7213008464185044,0.04869915358149601,0.02209916546564327,5.721300846418509,0.14865788060389962
Kota Pasuruan,6.6,7.849195796074324,-1.249195796074324,-0.5175189875604934,7.8491957960743255,0.7193879256426906
Kota Probolinggo,6.48,8.662917328909673,-2.1829173289096726,-0.8901527079108489,8.662917328909677,0.9434790447650911
Kota Surabaya,4.6499999999999995,5.431211290669552,-0.7812112906695523,-0.4035027320690133,5.431211290669554,0.6352186490248954
Lamongan,12.42,9.544772598268134,2.875227401731866,1.154903019006876,9.544772598268134,1.0746641424216572
Lumajang,8.93,13.919281528408337,-4.989281528408338,-2.0392632375654842,13.919281528408339,1.428027743976105
Madiun,11.04,10.754777292917572,0.28522270708242736,0.11432005733420479,10.754777292917574,0.3381124921297715
Magetan,9.8,9.336938703662618,0.4630612963373828,0.19108736946991328,9.336938703662627,0.43713541319585775
Malang,9.45,10.964443641026266,-1.5144436410262667,-0.5990045475837527,10.96444364102627,0.7739538407319604
Mojokerto,9.8,8.583875279553697,1.2161247204463042,0.4805647349455847,8.583875279553704,0.6932277655616405
Nganjuk,10.89,10.053570153308575,0.8364298466914253,0.327784284001475,10.053570153308577,0.5725244833205607
Ngawi,14.4,11.824564962732454,2.575435037267546,1.0592139968164707,11.824564962732458,1.0291812264205322
Pacitan,13.65,12.893065254369839,0.7569347456301614,0.3264548130746025,12.893065254369843,0.5713622433050705
Pamekasan,13.85,13.605772878684295,0.24422712131570457,0.10589198974488567,13.605772878684299,0.32541049421443935
Pasuruan,9.239999999999998,12.393635951603489,-3.1536359516034906,-1.2921713606363547,12.393635951603489,1.1367371554745427
Ponorogo,9.53,11.501931509291753,-1.9719315092917533,-0.7826855724515667,11.501931509291754,0.8846951861808487
Probolinggo,17.19,14.285948328336069,2.9040516716639324,1.1943020067930448,14.285948328336074,1.0928412541595622
Sampang,21.76,17.970338738701063,3.7896612612989387,1.8028477420820446,17.970338738701063,1.3427016578831072
Sidoarjo,5,3.7268512262751843,1.2731487737248157,0.5532301025113182,3.7268512262751856,0.7437943953212596
Situbondo,11.9,13.205406607078448,-1.3054066070784476,-0.555245196469078,13.20540660707845,0.7451477682104926
Sumenep,18.7,16.147482030433018,2.5525179695669813,1.1335869380689845,16.147482030433018,1.0647003982665662
Trenggalek,10.63,11.885488260521603,-1.2554882605216022,-0.4899572624319182,11.885488260521605,0.6999694724999928
Tuban,14.91,12.6042608447697,2.3057391552303006,0.9111296166696262,12.604260844769703,0.9545310978012326
Tulungagung,6.53,9.380817122143206,-2.850817122143206,-1.128409822522135,9.380817122143206,1.062266361381238
