model,wilayah,actual,predicted,residual,abs_residual
Random Forest,Sampang,21.76,15.585157633333331,6.174842366666669,6.174842366666669
Random Forest,Kota Batu,3.3099999999999996,8.895399066666675,-5.585399066666676,5.585399066666676
Random Forest,Probolinggo,17.19,12.14106536666668,5.048934633333321,5.048934633333321
Random Forest,Lumajang,8.93,13.96929566666666,-5.0392956666666615,5.0392956666666615
Random Forest,Tuban,14.91,10.15448586666667,4.755514133333329,4.755514133333329
Regresi Linear,Bangkalan,19.35,10.01954450226409,9.330455497735912,9.330455497735912
Regresi Linear,Gresik,10.96,4.477628193721546,6.482371806278455,6.482371806278455
Regresi Linear,Sampang,21.76,15.830768549710388,5.929231450289612,5.929231450289612
Regresi Linear,Lumajang,8.93,14.495552084821728,-5.565552084821728,5.565552084821728
Regresi Linear,Jember,9.51,14.409426066898677,-4.899426066898677,4.899426066898677
