variable,lower_bound,upper_bound,outlier_count
persentase_miskin,-0.5712499999999991,20.11875,1
ipm,60.70125000000002,88.31124999999997,0
tpt,1.8062499999999995,7.87625,3
pdrb_per_kapita_ribu,-28767.625,133221.375,2
rata_lama_sekolah,4.834999999999997,12.935000000000002,0
sanitasi_layak,63.307500000000005,112.04750000000001,3
jumlah_penduduk_ribu,-243.92500000000018,2294.675,3
laju_pertumbuhan_penduduk,-0.36624999999999996,2.22375,8
persentase_penduduk,-0.586249999999999,5.52375,3
kepadatan_penduduk,-195.125,2043.875,9
rasio_jenis_kelamin,93.90000000000003,104.89999999999998,0
