wilayah,actual,predicted,residual,abs_residual
Bangkalan,19.35,17.43611166666669,1.9138883333333112,1.9138883333333112
Banyuwangi,7.34,8.969963000000023,-1.6299630000000231,1.6299630000000231
Blitar,8.69,9.305984333333317,-0.6159843333333175,0.6159843333333175
Bojonegoro,12.18,11.55022066666668,0.6297793333333193,0.6297793333333193
Bondowoso,13.34,12.931181000000016,0.4088189999999834,0.4088189999999834
Gresik,10.96,8.916810666666676,2.0431893333333253,2.0431893333333253
Jember,9.51,11.36749700000001,-1.857497000000011,1.857497000000011
Jombang,9.15,9.079022000000005,0.07097799999999488,0.07097799999999488
Kediri,10.72,10.567853333333339,0.15214666666666155,0.15214666666666155
Kota Batu,3.3099999999999996,5.82033366666665,-2.51033366666665,2.51033366666665
Kota Blitar,7.3,6.5281150000000006,0.7718849999999993,0.7718849999999993
Kota Kediri,7.1499999999999995,6.265727000000005,0.8842729999999941,0.8842729999999941
Kota Madiun,4.74,5.134525333333332,-0.3945253333333314,0.3945253333333314
Kota Malang,4.26,5.074403666666674,-0.8144036666666743,0.8144036666666743
Kota Mojokerto,5.7700000000000005,5.993161666666664,-0.22316166666666337,0.22316166666666337
Kota Pasuruan,6.6,6.939188333333329,-0.339188333333329,0.339188333333329
Kota Probolinggo,6.48,6.9987996666666685,-0.5187996666666681,0.5187996666666681
Kota Surabaya,4.6499999999999995,5.049211666666671,-0.3992116666666714,0.3992116666666714
Lamongan,12.42,11.050984333333348,1.3690156666666518,1.3690156666666518
Lumajang,8.93,11.232080333333338,-2.302080333333338,2.302080333333338
Madiun,11.04,10.65952333333333,0.38047666666666835,0.38047666666666835
Magetan,9.8,10.099561666666688,-0.29956166666668693,0.29956166666668693
Malang,9.45,9.251020333333324,0.19897966666667521,0.19897966666667521
Mojokerto,9.8,8.711148666666679,1.0888513333333218,1.0888513333333218
Nganjuk,10.89,10.52013966666667,0.3698603333333299,0.3698603333333299
Ngawi,14.4,13.413449999999965,0.9865500000000349,0.9865500000000349
Pacitan,13.65,13.511126999999975,0.13887300000002512,0.13887300000002512
Pamekasan,13.85,14.339608333333347,-0.4896083333333472,0.4896083333333472
Pasuruan,9.239999999999998,9.599733666666662,-0.3597336666666635,0.3597336666666635
Ponorogo,9.53,10.518702333333335,-0.988702333333336,0.988702333333336
Probolinggo,17.19,15.504889666666665,1.685110333333336,1.685110333333336
Sampang,21.76,18.4594516666667,3.300548333333303,3.300548333333303
Sidoarjo,5,5.244196666666665,-0.24419666666666462,0.24419666666666462
Situbondo,11.9,12.531570666666667,-0.6315706666666667,0.6315706666666667
Sumenep,18.7,17.54885366666665,1.151146333333351,1.151146333333351
Trenggalek,10.63,10.845381000000016,-0.21538100000001492,0.21538100000001492
Tuban,14.91,12.544860333333327,2.365139666666673,2.365139666666673
Tulungagung,6.53,8.15843333333335,-1.6284333333333505,1.6284333333333505
