Kabupaten/Kota,Rumah Tangga yang Memiliki Akses Terhadap Sanitasi Layak
Pacitan,77.45
Ponorogo,89.79
Trenggalek,81.28
Tulungagung,87.85
Blitar,82.5
Kediri,92.13
Malang,84.03
Lumajang,77.48
Jember,64.47
Banyuwangi,82.63
Bondowoso,57.41
Situbondo,59.37
Probolinggo,66.12
Pasuruan,86.7
Sidoarjo,94.72
Mojokerto,89.38
Jombang,94.06
Nganjuk,87.83
Madiun,91.99
Magetan,92.9
Ngawi,85.42
Bojonegoro,92.63
Tuban,85.13
Lamongan,95
Gresik,95
Bangkalan,50.3
Sampang,82.86
Pamekasan,71.1
Sumenep,70.26
Kota Kediri,96.41
Kota Blitar,96.22
Kota Malang,86.36
Kota Probolinggo,88.27
Kota Pasuruan,91.73
Kota Mojokerto,96.48
Kota Madiun,98.18
Kota Surabaya,97.81
Kota Batu,95.06
Jawa Timur,83.72