Kab/Kota,
,Rata-rata Lama Sekolah (Penduduk 15 tahun keatas) Menurut Kabupaten/Kota di Provinsi Jawa Timur (Tahun)
,2023
Pacitan,8.19
Ponorogo,8
Trenggalek,8.03
Tulungagung,8.92
Blitar,8.04
Kediri,8.62
Malang,8.2
Lumajang,7.57
Jember,6.97
Banyuwangi,8.17
Bondowoso,6.95
Situbondo,7.44
Probolinggo,6.9
Pasuruan,7.84
Sidoarjo,10.85
Mojokerto,9.4
Jombang,9.06
Nganjuk,8.58
Madiun,8.2
Magetan,8.8
Ngawi,8.2
Bojonegoro,7.88
Tuban,7.87
Lamongan,8.67
Gresik,10.3
Bangkalan,6.57
Sampang,5.96
Pamekasan,7.93
Sumenep,6.34
Kota Kediri,10.99
Kota Blitar,10.8
Kota Malang,11.18
Kota Probolinggo,9.8
Kota Pasuruan,9.93
Kota Mojokerto,11.22
Kota Madiun,11.63
Kota Surabaya,10.81
Kota Batu,10.11
Jawa Timur,8.53